user_id,retweet_count,text
2208905897,1185,"RT @DanaSchwartzzz: Donald Trump has 7 positions on his website. I read all of them so you don't have to. Or go do it, it's hilarious. http‚Ä¶"
58425534,9004,RT @Pandamoanimum: This photo of Donald Trump's mum looks like a character in a film about Trump's life where Trump plays all the roles htt‚Ä¶
1605560689,298,RT @CNN: Actress @ElizabethBanks parodies Donald Trump's Republican convention entrance https://t.co/mm44t5xU6G #DemsinPhilly https://t.co/‚Ä¶
192267333,0,"Oops!  Trump Accidentally Discovers Truth About Fox News: Oh geez, Donald Trump discovered the thing that 4 y... https://t.co/MakhFuWnBI"
755909567461068800,17,RT @TPM: Obama puts thumb on scale about Trump's possible ties to Putin https://t.co/2EvhguwRbo https://t.co/EGtaMHd3Cc
944879598,58,RT @THR: Watch: @ElizabethBanks compare Donald Trump to 'Hunger Games' character at #DemsInPhilly https://t.co/Qfo4TZpOGn https://t.co/fG4r‚Ä¶
3316485613,201,RT @BuzzFeedNews: .@ElizabethBanks spoofs Donald Trump's entrance while taking the stage at #DemsInPhilly https://t.co/p2hT5jGtZ4
619506147,0,"Elizabeth Banks Compares Donald Trump to 'Hunger Games' Character at DNC: ""A cruel, out-of-touch... https://t.co/LtfeKxxE6l #Movie #News"
148866559,0,"Donald Trump's worst nightmare üòÇ
https://t.co/PEjRvarHmr"
395476407,10,RT @WillametteM: And wasn't it Donald Trump who brought to the forefront that the press is crooked? #DNCLeaks
279217505,23,"RT @PatsKarvelas: My 7 year old after intense radio listening ""if Donald Trump wins people will think it's ok to say mean things about wome‚Ä¶"
392323377,298,RT @CNN: Actress @ElizabethBanks parodies Donald Trump's Republican convention entrance https://t.co/mm44t5xU6G #DemsinPhilly https://t.co/‚Ä¶
123045703,21,"RT @MicahGrimes: Pres. Obama on #DNCLeak: ""What I do know is that Donald Trump has repeatedly expressed admiration for Vladimir Putin."""
2881445474,1185,"RT @DanaSchwartzzz: Donald Trump has 7 positions on his website. I read all of them so you don't have to. Or go do it, it's hilarious. http‚Ä¶"
48967891,118,"RT @Bipartisanism: Donald Trump REFUSING To Pay His Hotel Bill After Campaign Stop, The Reason Is‚Ä¶ https://t.co/nS7u2ZGb6a https://t.co/1Mr‚Ä¶"
388535257,1403,"RT @kumailn: Think of any situation. Birthday, flat tire, anything. Now add Donald Trump. Be honest. The situation is now worse. Imagine 4‚Ä¶"
3270783145,0,Donald Trump's lessons for Canadian politics An Abacus poll this spring suggested Trump would be trounced if Canad‚Ä¶ https://t.co/RIWTUQG4kS
20354161,1279,"RT @DanaSchwartzzz: Hillary Clinton has detailed plans for 37 issues on her website
Donald Trump has 7 vague suggestions and 2 of them are‚Ä¶"
17500689,638,"RT @TheDailyShow: Donald Trump ""humbly"" accepts the Republican presidential nomination. https://t.co/3FK7CGVcwf https://t.co/zgUJQMPUc2"
353919244,13,"RT @peterwsinger: Donald Trump now in lawsuit with ""Freedom Kids"" who performed at campaign event
https://t.co/NQZiMUckN7
https://t.co/8m6N‚Ä¶"
2857162258,1,"RT @DandelionDollar: ""If you want your country to have your own Putin you can vote for Donald Trump"" -Pussy Riot- https://t.co/pL6N7xViSZ h‚Ä¶"
27699171,0,Hotel fights back after Donald Trump threatens not to pay. U do poor or shotie work u deserve poor pay. It's simple https://t.co/RaZjBasY3d
44156955,296,RT @CNN: Actress @ElizabethBanks parodies Donald Trump's Republican convention entrance https://t.co/mm44t5xU6G #DemsinPhilly https://t.co/‚Ä¶
3914229792,0,"@drbecs 

A review of Donald Trump and the dark triad of personality:

[https://t.co/8CTtmwvpqM] https://t.co/pcI1K9QBiA"
15534499,453,RT @CNN: Elizabeth Banks imitates Donald Trump's entrance at the Republican convention https://t.co/DD7sJjbmti #DemsInPhilly https://t.co/l‚Ä¶
90212014,0,@BretBaier @realDonaldTrump I guess the  dems &amp; George Will forgot about Uranium One and who made that deal. It sure wasn't Donald Trump.
5264181,18,"RT @SopanDeb: Trump tells @THR that he would think about hiring Roger Ailes for his campaign: 
https://t.co/DOHSiHZrjW https://t.co/f6mvlw5‚Ä¶"
371889510,19,"RT @maggieNYT: trump:""As we have many times in the past, we disavow David Duke. There‚Äôs no place for this in the Republican Party.‚Äù https:/‚Ä¶"
27254511,1,"RT @jeremycarl4: Exactly, @DavidAFrench: ""After crying wolf so often that millions of voters no longer believe wolves even exist."" https://‚Ä¶"
18790453,380,"RT @joshtpm: .@realDonaldTrump You forgot abt this hotel you built in Soho with all the Russian money. here's the link, bro https://t.co/sp‚Ä¶"
4500067813,0,"That's pretty good, except I actually know who Donald Trump is https://t.co/hnotLV4ERI"
171223299,5439,"RT @Zedd: I'm prepared for the worst case scenario 
(Donald Trump becoming President). https://t.co/BFCNM3A9Ue"
25197927,1741,"RT @HillaryClinton: On most campaigns, there isn't much ambiguity as to whether the candidate does or doesn't back KKK leaders. https://t.c‚Ä¶"
44210168,1282,"RT @DanaSchwartzzz: Hillary Clinton has detailed plans for 37 issues on her website
Donald Trump has 7 vague suggestions and 2 of them are‚Ä¶"
168681238,9003,RT @Pandamoanimum: This photo of Donald Trump's mum looks like a character in a film about Trump's life where Trump plays all the roles htt‚Ä¶
19614727,40,RT @MGRemmele: Are people aware of Donald Trump's mother's hair?  It explains a lot https://t.co/VwQ67qSdqe
2874493975,0,@changeisneeded_ @realDonaldTrump @DanScavino Donald trump will win this election 4 President of the United States of America we will fight
1459979845,20,RT @katiekruege123: If you think Hillary Clinton will make a better president than Donald trump then you're an idiot. I am sorry
19122899,33,RT @DanaSchwartzzz: Why does Trump think invoicing Mexico for a wall is going to work? If ANYONE knows that people just refuse to pay those‚Ä¶
2930318328,1185,"RT @DanaSchwartzzz: Donald Trump has 7 positions on his website. I read all of them so you don't have to. Or go do it, it's hilarious. http‚Ä¶"
22502280,116,RT @cnni: Actress @ElizabethBanks parodies Donald Trump's Republican convention entrance https://t.co/LDIX9xAnJ7 #DemsinPhilly https://t.co‚Ä¶
594722648,1185,"RT @DanaSchwartzzz: Donald Trump has 7 positions on his website. I read all of them so you don't have to. Or go do it, it's hilarious. http‚Ä¶"
19801016,69,"RT @mattdpearce: ""To say... 'I'm willing to risk Donald Trump being president' ... What a lap of luxury you must be living in."" https://t.c‚Ä¶"
101060871,33,RT @DanaSchwartzzz: Why does Trump think invoicing Mexico for a wall is going to work? If ANYONE knows that people just refuse to pay those‚Ä¶
2338026146,67,RT @TODAYshow: Actress @ElizabethBanks makes Donald Trump-style entrance at #DNCinPHL #DemsinPhilly  https://t.co/ZOcEQ9UKdG
172172480,1185,"RT @DanaSchwartzzz: Donald Trump has 7 positions on his website. I read all of them so you don't have to. Or go do it, it's hilarious. http‚Ä¶"
417282833,25077,RT @BernieSanders: We have got to defeat Donald Trump and do everything we can to elect Hillary Clinton to the White house. #DemsInPhilly
758045131945697281,37863,RT @briangaar: Donald Trump is basically a YouTube comment section running for president
3314642570,1185,"RT @DanaSchwartzzz: Donald Trump has 7 positions on his website. I read all of them so you don't have to. Or go do it, it's hilarious. http‚Ä¶"
298179699,11,"RT @twinpaulie: Just how obligated is Donald Trump to Vladimir Putin.
Could it be that Putin is bailing out a faltering Trump Financial Boo‚Ä¶"
751616945968021504,0,@HillaryClinton  We need a strong person like Donald Trump to become the next President of America.
51457973,0,"""Bernie Sanders is old; he is exhausted."" Donald Trump, 70

..Bernie Sanders, 74"
25162352,12,RT @CuffsTheLegend: Donald Trump and the Golden State Warriors have something in common: They're both liars
2769270789,1360,"RT @choosebetweenit: vote for president:
rt for Troian Bellisario
like for Donald Trump https://t.co/bdZEvzmgy3"
2214054761,0,"Before the DNC hack, Russian internet trolls were being hired to pose as pro-Trump Americans https://t.co/DUWi60NaQ7"
107406730,7,RT @NewRepublic: Jimmy Carter dislikes Donald Trump even more than he dislikes Bill Clinton. https://t.co/hXn1kPlxDP
739481360721674240,28,RT @Mariotte67897: Eva Longoria Hammers Donald Trump's Anti-Immigrant Hate While Rocking DNC via @politicususa https://t.co/3K1rxbBcpS #USL‚Ä¶
36705193,88,"RT @THR: Elizabeth Banks Impersonates, Takes Jabs at Donald Trump at DNC https://t.co/AVgjcdejUr #DemsinPhilly https://t.co/3A818oz4I6"
32270078,36,RT @MashableNews: .@ElizabethBanks mocks Donald Trump's convention entrance #DemsInPhilly https://t.co/DtyVTVLT5H
201417733,9004,RT @Pandamoanimum: This photo of Donald Trump's mum looks like a character in a film about Trump's life where Trump plays all the roles htt‚Ä¶
171656520,34,RT @ksadjadpour: Donald Trump Jr: ‚ÄúWe see a lot of money pouring in from Russia.‚Äù https://t.co/tHmLL5Te2e https://t.co/J62tXBspDk
228552843,4467,"RT @pattonoswalt: Do the ""Bernie or Bust"" people know the ""Bust"" stands for ""Donald Trump shitting out of his dick on America""? #DemsInPhil‚Ä¶"
483885808,6,RT @azmoderate: Cory Booker‚Äôs Response To Donald Trump Insult PROVES Democrats Are Better Than Republicans (VIDEO) https://t.co/YtccsjnyBq
223904150,1185,"RT @DanaSchwartzzz: Donald Trump has 7 positions on his website. I read all of them so you don't have to. Or go do it, it's hilarious. http‚Ä¶"
386615145,1741,"RT @HillaryClinton: On most campaigns, there isn't much ambiguity as to whether the candidate does or doesn't back KKK leaders. https://t.c‚Ä¶"
22966274,1185,"RT @DanaSchwartzzz: Donald Trump has 7 positions on his website. I read all of them so you don't have to. Or go do it, it's hilarious. http‚Ä¶"
2799108944,15,"RT @ComplexPop: Khlo√© Kardashian says she hated 'Celebrity Apprentice,' wanted to tell Trump ""F*ck you."" https://t.co/khqV07YcOU https://t.‚Ä¶"
2294984438,13,"RT @peterwsinger: Donald Trump now in lawsuit with ""Freedom Kids"" who performed at campaign event
https://t.co/NQZiMUckN7
https://t.co/8m6N‚Ä¶"
2525556600,0,Im moving to canada if an ignoramus like donald trump is elected president. I dont care for any of the candidates but ANYONE BUT TRUMP
16650009,201,RT @PolitiFact: Trump: Bernie Sanders would have received nomination if it weren't for super delegates https://t.co/LTFX0LkCoy https://t.co‚Ä¶
122196870,20,RT @AlcaldesMexico: ¬øQui√©n tendr√≠a mayor peso para frenar amenazas de Donald Trump hacia latinos en su carrera por Presidencia de EU?
35865157,20,"RT @American_Bridge: Donald Trump: ""I have ZERO investments in Russia.""

But...

https://t.co/6wH2RlkEaR https://t.co/04JSh6vhLA"
1497453397,3,RT @BWA_P3SO: Donald trump and his wife lame asf
68473577,1276,"RT @DanaSchwartzzz: Hillary Clinton has detailed plans for 37 issues on her website
Donald Trump has 7 vague suggestions and 2 of them are‚Ä¶"
190672282,762,RT @CitizensFedUp: Charles Manson endorsed Donald Trump for President from San Quentin Prison https://t.co/j3ubFaWeZd https://t.co/FxjOcu2w‚Ä¶
480900509,44,"RT @ABCPolitics: .@ElizabethBanks mocks Donald Trump's ""We Are the Champions"" convention entrance https://t.co/10x0V6795C https://t.co/8Sc0‚Ä¶"
291898432,1276,"RT @DanaSchwartzzz: Hillary Clinton has detailed plans for 37 issues on her website
Donald Trump has 7 vague suggestions and 2 of them are‚Ä¶"
31192069,1185,"RT @DanaSchwartzzz: Donald Trump has 7 positions on his website. I read all of them so you don't have to. Or go do it, it's hilarious. http‚Ä¶"
468955330,430,"RT @PhilBryantMS: We had about 5,000 supporters show up for Donald Trump Jr. today at the Neshoba County Fair. Huge crowd. https://t.co/R4V‚Ä¶"
3384912719,468,"RT @maggieNYT: Trump team warns me that if I continue to ""waste our time"" on Duke q's, they will allocate ""resources"" elsewhere https://t.c‚Ä¶"
889672177,0,"Elizabeth Warren mocks Donald Trump‚Äôs tweeting style, as she celebrates Hillary Clinton‚Äôs nomination https://t.co/zVf1gB5Aqe"
709533009364410369,430,"RT @PhilBryantMS: We had about 5,000 supporters show up for Donald Trump Jr. today at the Neshoba County Fair. Huge crowd. https://t.co/R4V‚Ä¶"
2505331806,0,An open letter to my friends who support Donald Trump @huffpostblog https://t.co/6hK1JDqIpR # via @HuffPostPol
180302490,14,"RT @jeffisrael25: People who have endorsed Donald Trump so far

Putin ‚úîÔ∏è
North Korea‚úîÔ∏è
KKK‚úîÔ∏è
Chinese Communist Party‚úîÔ∏è
Neo-Nazis (various)‚Ä¶"
444971853,1185,"RT @DanaSchwartzzz: Donald Trump has 7 positions on his website. I read all of them so you don't have to. Or go do it, it's hilarious. http‚Ä¶"
750108596,380,"RT @joshtpm: .@realDonaldTrump You forgot abt this hotel you built in Soho with all the Russian money. here's the link, bro https://t.co/sp‚Ä¶"
3254149280,33,RT @DanaSchwartzzz: Why does Trump think invoicing Mexico for a wall is going to work? If ANYONE knows that people just refuse to pay those‚Ä¶
469999417,1,RT @AintShitBen: Where are you receiving this information? Donald Trump out here spreading propaganda  https://t.co/AmEXQzkzRk
745300690524790785,113,"RT @LindaSuhler: Donald Trump, Mike Pence Speak at today's VFW National Convention in Charlotte, NC!
#TrumpPence16 #Veterans #SOV
https://t‚Ä¶"
3338379670,526,"RT @Glam_And_Gore: Did Bernie seriously just pull his own version of ""delete your account"" to Donald Trump? Hahahah woah https://t.co/gR2Tb‚Ä¶"
57724061,36,"RT @latimes: Tim Kaine: ""For Donald Trump, Latinos are second-class citizens"" https://t.co/5RmdF29y7l"
298179699,93,RT @FranklinFoer: Donald Trump Jr. ‚ÄúWe see a lot of money pouring in from Russia.‚Äù https://t.co/1EXfzgv2Z1
424397041,0,Donald Trump accidentally thanked the wrong Scott Walker on Twitter https://t.co/zJqrnCiWZo #uncategorized
203415949,0,USA TODAY exclusive: Hundreds allege Donald Trump doesn‚Äôt pay his bills https://t.co/4STP94pTXc
595127331,201,RT @BuzzFeedNews: .@ElizabethBanks spoofs Donald Trump's entrance while taking the stage at #DemsInPhilly https://t.co/p2hT5jGtZ4
885311628,3,RT @whpresscorps: RT @TPM: Obama puts thumb on scale about Trump's possible ties to Putin https://t.co/4DBWmsLkji https://t.co/gZxFdd6iKQ
4855587569,430,"RT @PhilBryantMS: We had about 5,000 supporters show up for Donald Trump Jr. today at the Neshoba County Fair. Huge crowd. https://t.co/R4V‚Ä¶"
325597402,1185,"RT @DanaSchwartzzz: Donald Trump has 7 positions on his website. I read all of them so you don't have to. Or go do it, it's hilarious. http‚Ä¶"
3680392396,1,RT @Sherri_KG: @realDonaldTrump Stop being so Nasty Donald Trump it says a lot about your character and that your not to be trusted https:/‚Ä¶
25335524,1,"RT @ShawnKing: Interesting video dissecting Trump's style and why it resonates. ""A Linguistic Analysis of Trump‚Äôs Talking Style"" https://t.‚Ä¶"
25335524,1,"RT @ShawnKing: Interesting video dissecting Trump's style and why it resonates. ""A Linguistic Analysis of Trump‚Äôs Talking Style"" https://t.‚Ä¶"
3410689588,431,"RT @PhilBryantMS: We had about 5,000 supporters show up for Donald Trump Jr. today at the Neshoba County Fair. Huge crowd. https://t.co/R4V‚Ä¶"
381675763,0,Elizabeth Banks Compares Donald Trump to 'Hunger Games' Character at DNC https://t.co/ZsSs1pudY0
380624334,2,RT @robbysoave: The arc of the moral universe is long but it bends toward Hillary Clinton and Donald Trump of all people
3011446450,452,"RT @orDonaldTrump: Caveman SpongeBob or Donald Trump? 

Retweet for SpongeBob
Like for Trump https://t.co/4DvA2grBRL"
341040923,1187,"RT @DanaSchwartzzz: Donald Trump has 7 positions on his website. I read all of them so you don't have to. Or go do it, it's hilarious. http‚Ä¶"
16317079,0,Democrats Can't Believe The Demographic Trump Is Beginning To Win Over.... https://t.co/9YtmAQDJ69
27246538,451,RT @CNN: Elizabeth Banks imitates Donald Trump's entrance at the Republican convention https://t.co/DD7sJjbmti #DemsInPhilly https://t.co/l‚Ä¶
20472053,0,Bernie Sanders Is A Bigger Authoritarian Than Donald Trump https://t.co/79UdGfpCNW https://t.co/2zya5hAeKB
344770912,0,donald trump pode vir a ser o cara mais poderoso do mundo e temer √© presidente... falta de estrutura p olimp√≠adas √© o menor dos problemas
242338069,1282,"RT @DanaSchwartzzz: Hillary Clinton has detailed plans for 37 issues on her website
Donald Trump has 7 vague suggestions and 2 of them are‚Ä¶"
706022607741542400,431,"RT @PhilBryantMS: We had about 5,000 supporters show up for Donald Trump Jr. today at the Neshoba County Fair. Huge crowd. https://t.co/R4V‚Ä¶"
43574752,13704,RT @thinkdaii: When you gotta vote for Hillary Clinton so Donald Trump won't be president. https://t.co/e5oxHGgBwm
2522135638,13,"RT @SteveKoehler22: Biographies now on the market ....

Muhammad Ali    ""The Greatest""
Donald Trump      ""The Hatist"""
708073528680124416,431,"RT @PhilBryantMS: We had about 5,000 supporters show up for Donald Trump Jr. today at the Neshoba County Fair. Huge crowd. https://t.co/R4V‚Ä¶"
16190045,763,RT @CitizensFedUp: Charles Manson endorsed Donald Trump for President from San Quentin Prison https://t.co/j3ubFaWeZd https://t.co/FxjOcu2w‚Ä¶
2856180336,302,RT @Hillary_esp: ‚ÄúSer√© el primer miembro del Congreso que fue un inmigrante indocumentado. Esto es para ti Donald Trump‚Äù-@EspaillatNY https‚Ä¶
1002889080,1282,"RT @DanaSchwartzzz: Hillary Clinton has detailed plans for 37 issues on her website
Donald Trump has 7 vague suggestions and 2 of them are‚Ä¶"
76938029,276,"RT @FranklinFoer: Donald Trump Jr: ""Russians make up a pretty disproportionate cross-section of a lot of our assets."" https://t.co/yX3WPNsm‚Ä¶"
2877319200,1,"RT @micahsshaun: I FW trump..... not Donald, Teanna"
240404311,113,"RT @LindaSuhler: Donald Trump, Mike Pence Speak at today's VFW National Convention in Charlotte, NC!
#TrumpPence16 #Veterans #SOV
https://t‚Ä¶"
4822904303,0,"Caitlyn Jenner, a liberal transgender hero, is voting for Donald Trump."
62252581,0,The Nightly Show - Meet Donald Trump's Black Supporters https://t.co/fQIITEqpkS via @YouTube
46260456,431,"RT @PhilBryantMS: We had about 5,000 supporters show up for Donald Trump Jr. today at the Neshoba County Fair. Huge crowd. https://t.co/R4V‚Ä¶"
237516122,16,RT @DJmustard: @YG https://t.co/Yj6EwTvskr lmaooooooo
35498855,29,"RT @THR: #DemsInPhilly's @ElizabethBanks on Trump: ""Out-of-touch reality star who wears insane wigs"" https://t.co/THRBwS6KWN https://t.co/h‚Ä¶"
3301108434,762,RT @CitizensFedUp: Charles Manson endorsed Donald Trump for President from San Quentin Prison https://t.co/j3ubFaWeZd https://t.co/FxjOcu2w‚Ä¶
617854798,116,RT @cnni: Actress @ElizabethBanks parodies Donald Trump's Republican convention entrance https://t.co/LDIX9xAnJ7 #DemsinPhilly https://t.co‚Ä¶
2892800601,1,RT @LosinDonald: Obama Puts Thumb On Scale About Trump's Possible Ties To Putin @TPM https://t.co/gDtm5Ljpzg
1159710516,0,"Elizabeth Banks Compares Donald Trump to 'Hunger Games' Character at DNC 
""The Trump campaign is so hard up for mo‚Ä¶ https://t.co/4Q6iAFN6nf"
15203581,126,"RT @TUSK81: Thanks for supporting Donald Trump's plan to deport my community, Jill. https://t.co/afJ8q1d7fn"
3011446450,690,"RT @orDonaldTrump: Deez Nuts Guy or Donald Trump? ü§î

Retweet for Deez Nuts Guy
Like for Trump https://t.co/ZvwYwqkEnb"
1368483984,1,RT @charlir_ham: @ActualidadRT Donald trump es agente infiltrado del pato donald.
1345940180,6,RT @azmoderate: Cory Booker‚Äôs Response To Donald Trump Insult PROVES Democrats Are Better Than Republicans (VIDEO) https://t.co/YtccsjnyBq
1470507266,178,"RT @USAforTrump2016: Donald Trump and Mike Pence are holding a Town Hall in Scranton, PA tomorrow at 3PM! Please share! #TrumpPence16 https‚Ä¶"
158956403,0,Donald Trump Will Be Sued By the Manager of Those Girls Who Performed That Weird Song At His Rally https://t.co/m0vNCMOaBe
324196402,1185,"RT @DanaSchwartzzz: Donald Trump has 7 positions on his website. I read all of them so you don't have to. Or go do it, it's hilarious. http‚Ä¶"
441462366,275,"RT @TheDailyShow: With a Trump presidency around the corner, @HasanMinhaj says goodbye to the America. https://t.co/YuPGZlEpCI https://t.co‚Ä¶"
896663095,0,They know what truth is Donald Trump speaks truth https://t.co/0ccdd379Cs
22960461,5,RT @jackschofield: @Atrac01 Hillary is far more honest. And @realDonaldTrump actually should be diagnosed a pathological liar https://t.co/‚Ä¶
85989602,450,RT @CNN: Elizabeth Banks imitates Donald Trump's entrance at the Republican convention https://t.co/DD7sJjbmti #DemsInPhilly https://t.co/l‚Ä¶
524920769,0,"@MomsThoughts @realDonaldTrump @GeorgeWill  Donald Trump is definitely tied 2 Russian oligarchs, and that's why he won't release his taxes."
3156120964,301,RT @PolitiFact: Did Trump say he hoped for a real estate crash? Yes. https://t.co/4dpddAQn9u #DemsInPhilly
464323436,9004,RT @Pandamoanimum: This photo of Donald Trump's mum looks like a character in a film about Trump's life where Trump plays all the roles htt‚Ä¶
136746764,62,RT @FiveThirtyEight: Hillary Clinton and Donald Trump are now equally unpopular: https://t.co/sgTOQeth75 https://t.co/e19hPZ9bTo
2979160019,1411,"RT @ShaunKing: My latest.

To stop Donald Trump I will be joining Bernie and voting for Hillary Clinton. 

Here's why...

https://t.co/Xclt‚Ä¶"
4417130582,40,"RT @foxnation: .@realDonaldTrump: Hillary Is a Liar, Knew About Emails, Bernie's Exhausted: https://t.co/ZdEXx9i91P #DemsInPhilly #DemConve‚Ä¶"
513733038,1185,"RT @DanaSchwartzzz: Donald Trump has 7 positions on his website. I read all of them so you don't have to. Or go do it, it's hilarious. http‚Ä¶"
1324002403,1187,"RT @DanaSchwartzzz: Donald Trump has 7 positions on his website. I read all of them so you don't have to. Or go do it, it's hilarious. http‚Ä¶"
429024509,0,"Donald Trump is on Fox news again saying the unemployment rate is at 25%, it's at 4.6% as of July 8th! #Donaldtrumplies"
512766536,0,"‚ÄúNo I do not support raising it. You can‚Äôt raise it.‚Äù
- Donald Trump at GOP Primary Debate https://t.co/tkef8QBSuV"
712805024229761024,15,"RT @ComplexPop: Khlo√© Kardashian says she hated 'Celebrity Apprentice,' wanted to tell Trump ""F*ck you."" https://t.co/khqV07YcOU https://t.‚Ä¶"
35257944,0,https://t.co/UqLHzK8b3q
15007299,0,Conoce la casa en la que Donald Trump vivi√≥ de ni√±o https://t.co/g4NuIF1yOQ https://t.co/1ZZcUObILi
4596268876,0,"@realDonaldTrump Constructive criticism, not at all # Donald Trump"
2493281642,0,"@FoxNews 

https://t.co/oFq99GJxQw"
568544805,469,"RT @DannyEFreeman: ""It is easy to boo, but it is harder to look your kids in the face who would be living under a Donald Trump presidency,""‚Ä¶"
21749564,33,RT @DanaSchwartzzz: Why does Trump think invoicing Mexico for a wall is going to work? If ANYONE knows that people just refuse to pay those‚Ä¶
3238612838,33,RT @DanaSchwartzzz: Why does Trump think invoicing Mexico for a wall is going to work? If ANYONE knows that people just refuse to pay those‚Ä¶
3008457619,1187,"RT @DanaSchwartzzz: Donald Trump has 7 positions on his website. I read all of them so you don't have to. Or go do it, it's hilarious. http‚Ä¶"
21011616,88,"RT @THR: Elizabeth Banks Impersonates, Takes Jabs at Donald Trump at DNC https://t.co/AVgjcdejUr #DemsinPhilly https://t.co/3A818oz4I6"
256780164,315,"RT @TrishIntel: .@Harlan, Bernie Sanders supporter and #NeverHillary proponent on his vote: ""For me, it‚Äôs going to be Donald Trump.""
https:‚Ä¶"
713097254224150528,281,RT @WeNeedTrump: Donald Trump is crushing Hillary Clinton in New Hampshire! https://t.co/yEROrrHWAt
1022665759,857,"RT @orDonaldTrump: Wake Flocka or Donald Trump? 

Retweet for Flocka
Like for Trump https://t.co/0zP88Id6nk"
1371492943,13,RT @DailyMail: Elizabeth Banks channels her inner-Trump at #DemsInPhilly https://t.co/X61i3x8wi2 https://t.co/4iZmp55a1u
1958076176,1187,"RT @DanaSchwartzzz: Donald Trump has 7 positions on his website. I read all of them so you don't have to. Or go do it, it's hilarious. http‚Ä¶"
2157638077,0,"Elizabeth Banks Compares Donald Trump to 'Hunger Games' Character at DNC: ""A cruel, out-of-touch reality TV s... https://t.co/VVvVWp9lHk"
18385633,1,RT @mvega305: CNBC: RT CNBCnow: Actress Elizabeth Banks mocks Donald Trump's RNC entrance. #DemConvention https://t.co/YCZHazYx50
71285030,15,"RT @FedeGiammaria: Che, la cortemos con Caruso Lombardi a la selecci√≥n.
Miren lo que pas√≥ con Donald Trump... Empez√≥ como una joda y qued√≥.‚Ä¶"
428284474,3,"RT @katiecouric: ""He does not know what he's talking about &amp; he makes outrageous statements that are dangerous"" - @madeleine on Donald Trum‚Ä¶"
2433533216,0,"Elizabeth Banks Compares Donald Trump to 'Hunger Games' Character at DNC: ""A cruel, out-of-touch reality TV s... https://t.co/EAB10TMA9j"
920277535,1,RT @ayamescali: @historyinflicks Can't wait for Wikileaks to release the emails that prove definitively Donald Trump is Hillary Clinton.
365111454,36,RT @MashableNews: .@ElizabethBanks mocks Donald Trump's convention entrance #DemsInPhilly https://t.co/DtyVTVLT5H
909235650,1187,"RT @DanaSchwartzzz: Donald Trump has 7 positions on his website. I read all of them so you don't have to. Or go do it, it's hilarious. http‚Ä¶"
624641745,0,"Elizabeth Banks Compares Donald Trump to 'Hunger Games' Character at DNC: ""A cruel, out-of-touch reality TV s... https://t.co/C1aCdm6JUv"
4918885219,1100,"RT @LindaSuhler: ""Americanism, not globalism, will be our credo.""
Donald J. Trump
July 21, 2016

#TrumpPence16üá∫üá∏
#AmericaFirst #MAGA https:‚Ä¶"
2682429238,1185,"RT @DanaSchwartzzz: Donald Trump has 7 positions on his website. I read all of them so you don't have to. Or go do it, it's hilarious. http‚Ä¶"
2579248194,1663,"RT @orDonaldTrump: Timmy Turner or Donald Trump? ü§î

Retweet for Timmy Turner 
Like for Donald Trump https://t.co/90siUTqB10"
3938471293,4467,"RT @pattonoswalt: Do the ""Bernie or Bust"" people know the ""Bust"" stands for ""Donald Trump shitting out of his dick on America""? #DemsInPhil‚Ä¶"
3168816942,200,RT @hautedamn: Donald Trump watching the #DemsInPhilly: https://t.co/gdA3zl6pmF
53704876,341,"RT @1LuckyLady_: Real AMERICA knows
ONLY 1 -  Real Donald Trump 
One *OFFICIAL* TRUMP-ettsTM
(2015 All Rights)
@realDonaldTrump http://t.co‚Ä¶"
77915683,762,RT @CitizensFedUp: Charles Manson endorsed Donald Trump for President from San Quentin Prison https://t.co/j3ubFaWeZd https://t.co/FxjOcu2w‚Ä¶
738506929195110400,3,RT @RealUnitedOrder: Those endorsing Donald Trump's message but condemn @DrDavidDuke have a real problem on their hands. The time is now. E‚Ä¶
15471611,276,"RT @FranklinFoer: Donald Trump Jr: ""Russians make up a pretty disproportionate cross-section of a lot of our assets."" https://t.co/yX3WPNsm‚Ä¶"
1365288270,1282,"RT @DanaSchwartzzz: Hillary Clinton has detailed plans for 37 issues on her website
Donald Trump has 7 vague suggestions and 2 of them are‚Ä¶"
816475459,36,RT @MashableNews: .@ElizabethBanks mocks Donald Trump's convention entrance #DemsInPhilly https://t.co/DtyVTVLT5H
2616022205,333,RT @mitchellvii: BREAKING. Hillary Clinton Steals Donald Trump's Economic Policy | RedState https://t.co/Atp3dGE3iI
528028149,1282,"RT @DanaSchwartzzz: Hillary Clinton has detailed plans for 37 issues on her website
Donald Trump has 7 vague suggestions and 2 of them are‚Ä¶"
270727233,40,RT @MGRemmele: Are people aware of Donald Trump's mother's hair?  It explains a lot https://t.co/VwQ67qSdqe
339930433,1282,"RT @DanaSchwartzzz: Hillary Clinton has detailed plans for 37 issues on her website
Donald Trump has 7 vague suggestions and 2 of them are‚Ä¶"
19977903,9004,RT @Pandamoanimum: This photo of Donald Trump's mum looks like a character in a film about Trump's life where Trump plays all the roles htt‚Ä¶
394226917,86,"RT @NYMag: Michelle Obama elegantly eviscerated Donald Trump, without even mentioning his name:  https://t.co/a8j3JFIcSY https://t.co/PR8yq‚Ä¶"
32532994,0,"""The problem is not Donald Trump alone. The problem is the policies of neoliberalism, of austerity, of the Wall... https://t.co/QJ0IsfeuS4"
978566010,13,RT @DailyMail: Elizabeth Banks channels her inner-Trump at #DemsInPhilly https://t.co/X61i3x8wi2 https://t.co/4iZmp55a1u
241592876,149,RT @WeNeedTrump: We need a real leader with real leadership experience to fix this country. We need Donald Trump. #Trump2016 https://t.co/3‚Ä¶
793577262,45,"RT @TUSK81: You are aiding Donald Trump, @DrJillStein. You do not value ppl of color or immigrants. Enjoy the safety of Lexington, Massachu‚Ä¶"
15587204,0,Fox News is showing Donald Trump instead of the convention.
2893877767,0,3 White Supremacists On Twitter That Inspire Donald Trump | ThinkProgress https://t.co/ngdZZ9hRjW
3252657688,0,"Trump knocks Dems for not mentioning ISIS at convention

https://t.co/bmuhVcXoL6"
703362216477655040,1448,"RT @ThePatriot143: Leadership: Donald Trump Calls to Thank Cleveland Police Chief and Officers for Keeping RNC Convention Safe #MAGA
https:‚Ä¶"
703362216477655040,1448,"RT @ThePatriot143: Leadership: Donald Trump Calls to Thank Cleveland Police Chief and Officers for Keeping RNC Convention Safe #MAGA
https:‚Ä¶"
16803436,1,RT @jbhughes: What are the Republicans going to do when they realize Donald J. Trump is a rapist and a Russian puppet?
807959784,380,"RT @joshtpm: .@realDonaldTrump You forgot abt this hotel you built in Soho with all the Russian money. here's the link, bro https://t.co/sp‚Ä¶"
3432685485,0,"@SilentGarrett Think you'd find this interesting. Corey Booker, thank you. https://t.co/Bo8aEkfFWj"
246942708,4467,"RT @pattonoswalt: Do the ""Bernie or Bust"" people know the ""Bust"" stands for ""Donald Trump shitting out of his dick on America""? #DemsInPhil‚Ä¶"
18075797,1187,"RT @DanaSchwartzzz: Donald Trump has 7 positions on his website. I read all of them so you don't have to. Or go do it, it's hilarious. http‚Ä¶"
26306229,2,RT @ScottyMCSS: Donald Trump's Real Ambition https://t.co/NgZocwzZOa #science
733930692,0,¬°Hermano de Presidente de Estados Unidos votar√° por Donald Trump! https://t.co/GXsQd840yt
1350584216,1187,"RT @DanaSchwartzzz: Donald Trump has 7 positions on his website. I read all of them so you don't have to. Or go do it, it's hilarious. http‚Ä¶"
1910754715,164,"RT @jurneesmollett: All the amazing Bernie Sanders supporters, this is a must read: ""Stopping Trump is a national emergency"" https://t.co/z‚Ä¶"
429468186,4,"RT @Mike_USPatriot: Go Figure! Donald Trump raves about Michelle Obama‚Äôs speech at DNC , but Cruz is the bad guy https://t.co/KJnMZWAST3"
2257159759,0,Donald Trump literally what the fuck are you saying right now
884311340,7,"RT @PMgeezer: Every terror attack moves Donald Trump closer to an election victory.  The people trust Trump to keep them safe! 
#MakeAmeric‚Ä¶"
71275340,333,RT @mitchellvii: BREAKING. Hillary Clinton Steals Donald Trump's Economic Policy | RedState https://t.co/Atp3dGE3iI
718718810442739712,86,"RT @RpAphmau: RT for @_Aphmau_ 
Like for Donald Trump https://t.co/tT3izRkuT1"
302091866,9,"RT @TenMinPod: NEW TMP! @TommyBlacha &amp; @chadkultgen have a few beers with Donny because he's a chill bro. ""Donald Trump Gets Drunk"" https:/‚Ä¶"
504882943,1282,"RT @DanaSchwartzzz: Hillary Clinton has detailed plans for 37 issues on her website
Donald Trump has 7 vague suggestions and 2 of them are‚Ä¶"
928581,41,"RT @monteiro: I could give a fuck if Hillary used a shared AOL family email account, I am not going to let Donald Trump become president."
4294596374,200,RT @hautedamn: Donald Trump watching the #DemsInPhilly: https://t.co/gdA3zl6pmF
57388879,275,"RT @FranklinFoer: Donald Trump Jr: ""Russians make up a pretty disproportionate cross-section of a lot of our assets."" https://t.co/yX3WPNsm‚Ä¶"
3240523526,2,RT @stevej132: #BlackDNCResistance we are going to make america rich again..-donald j.trump
4856285775,369,"RT @DanScavino: Facebook &amp; Twitter Mentions between 1/1/16 &amp; 7/21/16
Donald Trump 129,700,000 
Hillary Clinton 37,300,000
@Adweek https://t‚Ä¶"
529902246,6317,"RT @_Makada_: I'm voting for Donald Trump for POTUS, no more career politicians!!!#TRUMP2016 #MakeAmericaGreatAgain #TrumpTrain https://t.c‚Ä¶"
109349726,0,"Mary Anastasia O'Grady: ""El proteccionismo es parte de la demagogia populista y s√≥lo empobrecer√° a la clase media"" https://t.co/57Gul55WWJ"
613137348,0,https://t.co/qZzXjuH5Ur
1091031194,1187,"RT @DanaSchwartzzz: Donald Trump has 7 positions on his website. I read all of them so you don't have to. Or go do it, it's hilarious. http‚Ä¶"
85937503,275,"RT @FranklinFoer: Donald Trump Jr: ""Russians make up a pretty disproportionate cross-section of a lot of our assets."" https://t.co/yX3WPNsm‚Ä¶"
4660013206,6,RT @cmrose999: WATCH: Donald Trump posts BRUTAL new video attacking Hillary Clinton using Barack Obama‚Äôs own words https://t.co/3AKnfLBPDy‚Ä¶
596090836,1187,"RT @DanaSchwartzzz: Donald Trump has 7 positions on his website. I read all of them so you don't have to. Or go do it, it's hilarious. http‚Ä¶"
3154759511,857,"RT @orDonaldTrump: Wake Flocka or Donald Trump? 

Retweet for Flocka
Like for Trump https://t.co/0zP88Id6nk"
2815806275,18272,"RT @HillaryClinton: This is real‚ÄîDonald Trump just accepted the @GOP nomination.

RT if you agree: We can't let him become president. https‚Ä¶"
1023249631,453,RT @CNN: Elizabeth Banks imitates Donald Trump's entrance at the Republican convention https://t.co/DD7sJjbmti #DemsInPhilly https://t.co/l‚Ä¶
166366056,1187,"RT @DanaSchwartzzz: Donald Trump has 7 positions on his website. I read all of them so you don't have to. Or go do it, it's hilarious. http‚Ä¶"
17162514,1187,"RT @DanaSchwartzzz: Donald Trump has 7 positions on his website. I read all of them so you don't have to. Or go do it, it's hilarious. http‚Ä¶"
20422158,1,"RT @laynier: Before the DNC hack, Russian internet trolls were being hired to pose as pro-Trump Americans.  https://t.co/2QX0feGjuR"
1320741330,128,"RT @intlspectator: PREDICTION: Next President of United States chances

Hillary Clinton: 55%
Donald Trump: 45% https://t.co/iOXKWsOX9T"
183338655,0,"KING: To stop Donald Trump, I‚Äôll be voting for Hillary Clinton https://t.co/nk83flqnab"
288141632,469,"RT @DannyEFreeman: ""It is easy to boo, but it is harder to look your kids in the face who would be living under a Donald Trump presidency,""‚Ä¶"
3609515654,0,@CNN What happens wen you're jealous that Donald Trump does presidential better than Obama.
855809970,857,"RT @orDonaldTrump: Wake Flocka or Donald Trump? 

Retweet for Flocka
Like for Trump https://t.co/0zP88Id6nk"
1546516730,1282,"RT @DanaSchwartzzz: Hillary Clinton has detailed plans for 37 issues on her website
Donald Trump has 7 vague suggestions and 2 of them are‚Ä¶"
2581489632,453,RT @CNN: Elizabeth Banks imitates Donald Trump's entrance at the Republican convention https://t.co/DD7sJjbmti #DemsInPhilly https://t.co/l‚Ä¶
325993842,29,"RT @THR: #DemsInPhilly's @ElizabethBanks on Trump: ""Out-of-touch reality star who wears insane wigs"" https://t.co/THRBwS6KWN https://t.co/h‚Ä¶"
123053456,0,"I hate you woman, I also hate Donald Trump... So don't take it personally  https://t.co/HTvXwnv7dw"
378203878,1282,"RT @DanaSchwartzzz: Hillary Clinton has detailed plans for 37 issues on her website
Donald Trump has 7 vague suggestions and 2 of them are‚Ä¶"
528974400,1187,"RT @DanaSchwartzzz: Donald Trump has 7 positions on his website. I read all of them so you don't have to. Or go do it, it's hilarious. http‚Ä¶"
3754244655,575,"RT @NYDailyNews: .@ShaunKing: To stop Donald Trump, I‚Äôll be voting for Hillary Clinton ‚Äî and you should too https://t.co/o8lRVN7vZg https:/‚Ä¶"
3113652247,1,RT @LindaLeeJones11: Good morning! It's a great day to support Donald Trump and it's a great day to #MakeAmericaGreatAgain
32464347,2,"RT @freddier: House of Cards es un documental.
La probabilidad que Donald Trump gane nunca fue tan alta. https://t.co/fB5ZuPTh16"
398894811,7,RT @DailyCaller: Celebrities Sign Pledge To Stop Donald Trump https://t.co/zsrM9Ia3Fh https://t.co/eslsWyJOa3
937682474,1187,"RT @DanaSchwartzzz: Donald Trump has 7 positions on his website. I read all of them so you don't have to. Or go do it, it's hilarious. http‚Ä¶"
103167711,0,The Daily 202: Michelle Obama is the Democrats‚Äô best weapon against Donald Trump - The Washington Post https://t.co/7EdNVx6mVU
778341348,1,"RT @DavidCloudLAT: An epic, head-spinning deep dive into Trump's ever changing policy proposals. https://t.co/WmxF5Xr8j8"
227301334,1187,"RT @DanaSchwartzzz: Donald Trump has 7 positions on his website. I read all of them so you don't have to. Or go do it, it's hilarious. http‚Ä¶"
15253950,33,RT @CNBCnow: Actress Elizabeth Banks mocks Donald Trump's RNC entrance. #DemConvention https://t.co/caJJc33SLt
2557309837,88,"RT @THR: Elizabeth Banks Impersonates, Takes Jabs at Donald Trump at DNC https://t.co/AVgjcdejUr #DemsinPhilly https://t.co/3A818oz4I6"
725657923511312385,1448,"RT @ThePatriot143: Leadership: Donald Trump Calls to Thank Cleveland Police Chief and Officers for Keeping RNC Convention Safe #MAGA
https:‚Ä¶"
1078188086,0,Trump's ghostwriter who spent 18 months with him says he's a sociopath and might let nukes fly https://t.co/gw2AFJzEPz /1  @thehill
16291072,1403,"RT @kumailn: Think of any situation. Birthday, flat tire, anything. Now add Donald Trump. Be honest. The situation is now worse. Imagine 4‚Ä¶"
37906552,2,RT @DailyCaller: The Internet Had A Lot Of Fun Photoshopping This Picture Of Baby Donald Trump [PHOTOS] https://t.co/cJI6GPO8Hq https://t.c‚Ä¶
122220988,15,"RT @ComplexPop: Khlo√© Kardashian says she hated 'Celebrity Apprentice,' wanted to tell Trump ""F*ck you."" https://t.co/khqV07YcOU https://t.‚Ä¶"
25514453,0,More than 100 celebrities pledge to work against Donald Trump https://t.co/gC3gQhHcmp
114494345,3,"RT @hrkbenowen: Trump Continues Edging Ahead of Clinton in National Polls 
https://t.co/02Av60qFsA"
795214988,4,RT @EricODaily: The only thing worse than Donald Trump is Frankie Grande
22590877,12,RT @bwerde: You can't make this stuff up. Even the little girl singers who went viral at the Trump rally want to sue him now. https://t.co/‚Ä¶
155581583,2,The arc of the moral universe is long but it bends toward Hillary Clinton and Donald Trump of all people
2832931031,0,Donald Trump Jr. May Be Out Of Luck In Killing More Leopards https://t.co/kXXSPrxvYK
3882358282,163,RT @CNN: Donald Trump knocks Democrats for not mentioning ISIS at the #DemConvention https://t.co/crxZQSw6sI #DemsInPhilly https://t.co/7Fs‚Ä¶
1700923470,299,RT @CNN: Actress @ElizabethBanks parodies Donald Trump's Republican convention entrance https://t.co/mm44t5xU6G #DemsinPhilly https://t.co/‚Ä¶
1852852502,1448,"RT @ThePatriot143: Leadership: Donald Trump Calls to Thank Cleveland Police Chief and Officers for Keeping RNC Convention Safe #MAGA
https:‚Ä¶"
2922437656,4,RT @71djt: Am honoured to support glorious anti-kulak Donald Fredericovich Trump. Together we ride dual carriageway to victory. https://t.c‚Ä¶
788446993,12,RT @CuffsTheLegend: Donald Trump and the Golden State Warriors have something in common: They're both liars
2433471057,1,"RT @debdlund: Poll: No Post-Convention Bounce for Donald Trump
https://t.co/qdW5mIVbre"
1957948550,301,RT @PolitiFact: Did Trump say he hoped for a real estate crash? Yes. https://t.co/4dpddAQn9u #DemsInPhilly
79286813,88,"RT @THR: Elizabeth Banks Impersonates, Takes Jabs at Donald Trump at DNC https://t.co/AVgjcdejUr #DemsinPhilly https://t.co/3A818oz4I6"
4017426442,1187,"RT @DanaSchwartzzz: Donald Trump has 7 positions on his website. I read all of them so you don't have to. Or go do it, it's hilarious. http‚Ä¶"
227172703,0,Donald Trump is an alleged rapist and Hillary Clinton is a traitor America sure knows how to pick them
1306470480,9004,RT @Pandamoanimum: This photo of Donald Trump's mum looks like a character in a film about Trump's life where Trump plays all the roles htt‚Ä¶
38506813,34,RT @ksadjadpour: Donald Trump Jr: ‚ÄúWe see a lot of money pouring in from Russia.‚Äù https://t.co/tHmLL5Te2e https://t.co/J62tXBspDk
704180924272005120,1448,"RT @ThePatriot143: Leadership: Donald Trump Calls to Thank Cleveland Police Chief and Officers for Keeping RNC Convention Safe #MAGA
https:‚Ä¶"
609870951,33,RT @DanaSchwartzzz: Why does Trump think invoicing Mexico for a wall is going to work? If ANYONE knows that people just refuse to pay those‚Ä¶
3579072494,27,RT @sciam: What is the underlying motivation behind virtually everything Trump does? https://t.co/ReTU0UALBX
1453335571,0,"Donald Trump is a Sad excuse of a man.He complains,whines,Lies,Scams,Doesn't pay his bills steals services and doesn't pay 4000 law suits!!!"
1322688308,1,"RT @mikeson30: @PoliticsPeach @PostRacialMyAss
@MardiLovejoy
Read THIS!!

Why Hillary Clinton Is More Dangerous Than Donald Trump

https://‚Ä¶"
712796769751474176,1100,"RT @LindaSuhler: ""Americanism, not globalism, will be our credo.""
Donald J. Trump
July 21, 2016

#TrumpPence16üá∫üá∏
#AmericaFirst #MAGA https:‚Ä¶"
123017837,453,RT @CNN: Elizabeth Banks imitates Donald Trump's entrance at the Republican convention https://t.co/DD7sJjbmti #DemsInPhilly https://t.co/l‚Ä¶
2739808794,0,"""Whatever you think of Hillary Clinton, under no reasonable assessment is she 'just as bad' as Donald Trump."" https://t.co/WqnDCueJaz"
22595479,0,"KING: To stop Donald Trump, I‚Äôll be voting for Hillary Clinton https://t.co/3Vq9IoDorn"
45251704,40,RT @MGRemmele: Are people aware of Donald Trump's mother's hair?  It explains a lot https://t.co/VwQ67qSdqe
573271561,8,RT @BarryDMill: Hotel fights back after Trump threatens to not pay @CNNPolitics https://t.co/8ob482gQyb
2274150045,1187,"RT @DanaSchwartzzz: Donald Trump has 7 positions on his website. I read all of them so you don't have to. Or go do it, it's hilarious. http‚Ä¶"
46368998,17,RT @TPM: Obama puts thumb on scale about Trump's possible ties to Putin https://t.co/2EvhguwRbo https://t.co/EGtaMHd3Cc
631476866,9004,RT @Pandamoanimum: This photo of Donald Trump's mum looks like a character in a film about Trump's life where Trump plays all the roles htt‚Ä¶
184316405,1,RT @RONTHINKblog: Elizabeth Banks Compares Donald Trump to 'Hunger Games' Character at DNC https://t.co/MPz7jgEObD via @thr
2249131152,0,"Trump: I liked Michelle Obama's DNC 2016 speech - ""I thought her delivery was excellent,"" Donald Trump said in ... https://t.co/njVie5iMIw"
796261592,9004,RT @Pandamoanimum: This photo of Donald Trump's mum looks like a character in a film about Trump's life where Trump plays all the roles htt‚Ä¶
1389882727,0,"Elizabeth Banks Makes Donald Trump Entrance At DNC, Accuses GOP Nominee Of Stealing Her ‚ÄòHunger Games‚Äô Act https://t.co/NQtLIhixWw (DH)"
2256090066,215,"RT @HotNewHipHop: Watch Barry O da @POTUS ether Donald Trump with @YG's FDT""

https://t.co/p0rvy9pDCk https://t.co/NwGyeG6Dhe"
112491741,1,RT @TheRealLived: In other news... Donald Trump is exposing idiots for who they are and Hilary has convinced everyone to forget who she is.‚Ä¶
2630238797,0,He/She has more right than fucking Donald Trump to say who should and shouldn't be in this country
2630238797,0,He/She has more right than fucking Donald Trump to say who should and shouldn't be in this country
1186661822,1282,"RT @DanaSchwartzzz: Hillary Clinton has detailed plans for 37 issues on her website
Donald Trump has 7 vague suggestions and 2 of them are‚Ä¶"
1716928279,29,"RT @THR: #DemsInPhilly's @ElizabethBanks on Trump: ""Out-of-touch reality star who wears insane wigs"" https://t.co/THRBwS6KWN https://t.co/h‚Ä¶"
3266123786,431,"RT @PhilBryantMS: We had about 5,000 supporters show up for Donald Trump Jr. today at the Neshoba County Fair. Huge crowd. https://t.co/R4V‚Ä¶"
22107458,1282,"RT @DanaSchwartzzz: Hillary Clinton has detailed plans for 37 issues on her website
Donald Trump has 7 vague suggestions and 2 of them are‚Ä¶"
3013015869,1187,"RT @DanaSchwartzzz: Donald Trump has 7 positions on his website. I read all of them so you don't have to. Or go do it, it's hilarious. http‚Ä¶"
89423359,0,https://t.co/5pcRGMx5Yx
740965468127830016,2,RT @AdamsFlaFan: Donald Trump just spoiled Donald Jr.'s fun on running for mayor of New York https://t.co/5PuspLVPBC
1090268744,9004,RT @Pandamoanimum: This photo of Donald Trump's mum looks like a character in a film about Trump's life where Trump plays all the roles htt‚Ä¶
1346019187,1282,"RT @DanaSchwartzzz: Hillary Clinton has detailed plans for 37 issues on her website
Donald Trump has 7 vague suggestions and 2 of them are‚Ä¶"
4921629861,431,"RT @PhilBryantMS: We had about 5,000 supporters show up for Donald Trump Jr. today at the Neshoba County Fair. Huge crowd. https://t.co/R4V‚Ä¶"
972616321,4,"RT @Joe_Schmucc: I'm not telling anyone who to vote for. Hell if you want, abstain. Your call. 

But if you vote for Donald Trump you're fu‚Ä¶"
898152312,164,"RT @jurneesmollett: All the amazing Bernie Sanders supporters, this is a must read: ""Stopping Trump is a national emergency"" https://t.co/z‚Ä¶"
471611566,1729,"RT @Phil_Lewis_: I'm reading Donald Trump's TL and noticed he had something to say about everybody EXCEPT #FLOTUS. 

#DemsInPhilly

 https:‚Ä¶"
131018989,3,"RT @TheWrap: Elizabeth Banks, Democrats Reclaim 'We Are the Champions' From Donald Trump https://t.co/SrlGzA18kJ https://t.co/PFq0u92RPz"
427393794,453,RT @CNN: Elizabeth Banks imitates Donald Trump's entrance at the Republican convention https://t.co/DD7sJjbmti #DemsInPhilly https://t.co/l‚Ä¶
4532581338,299,RT @CNN: Actress @ElizabethBanks parodies Donald Trump's Republican convention entrance https://t.co/mm44t5xU6G #DemsinPhilly https://t.co/‚Ä¶
983827381,0,"""Gordo cara rota...... ¬°Boca sucia!""
Mi abuela a Donald Trump"
23236250,9004,RT @Pandamoanimum: This photo of Donald Trump's mum looks like a character in a film about Trump's life where Trump plays all the roles htt‚Ä¶
4046491581,49,RT @FiveThirtyEight: Hillary Clinton and Donald Trump are now equally unpopular: https://t.co/sgTOQeKSvF https://t.co/L6xR7lbTaD
58974661,380,"RT @joshtpm: .@realDonaldTrump You forgot abt this hotel you built in Soho with all the Russian money. here's the link, bro https://t.co/sp‚Ä¶"
3405913271,1282,"RT @DanaSchwartzzz: Hillary Clinton has detailed plans for 37 issues on her website
Donald Trump has 7 vague suggestions and 2 of them are‚Ä¶"
21143053,33,RT @DanaSchwartzzz: Why does Trump think invoicing Mexico for a wall is going to work? If ANYONE knows that people just refuse to pay those‚Ä¶
3307342741,0,why you should NOT vote for Donald trump: https://t.co/CX3qgoVBBq
749022455071518720,1187,"RT @DanaSchwartzzz: Donald Trump has 7 positions on his website. I read all of them so you don't have to. Or go do it, it's hilarious. http‚Ä¶"
2506164888,1,"I FW trump..... not Donald, Teanna"
4897965400,0,"Donald Trump Slams Megyn Kelly &amp; Gretchen Carlson For Alleged Sexual...
Via News Break: https://t.co/J15Zq5MMM7 https://t.co/fcK9HhBnB1"
87354908,0,@scrowder do u know how crazy you ppl sound.  i mean you've elected donald trump and self righteous religions nut job for ur candidtse. LOL
714263388877103105,1187,"RT @DanaSchwartzzz: Donald Trump has 7 positions on his website. I read all of them so you don't have to. Or go do it, it's hilarious. http‚Ä¶"
164512517,0,Dad of ‚ÄòUSA Freedom Kids‚Äô Plans to Sue Trump https://t.co/ORRHpUMtW6 *That's sooooo Donald. ICYMI: He doesn't pay his bills.
3494248573,0,NEW INVENTION! 'The Long Donald Trump' is a phone computer for $767
3180677737,3643,RT @DylanGotti: Donald Trump https://t.co/OTZNgtDTBV
745300690524790785,97,RT @theoptionoracle: Good read: Why Trump's bump in the polls is more significant than ever https://t.co/FwbBiawYD3 @appsame #tcot #trump #‚Ä¶
24791596,1,RT @GilSemple: YALL THIS IS DONALD TRUMP REAL MAMA üòÇüòÇüòÇ https://t.co/AeUbNleziA
34462355,0,"@realDonaldTrump Forgot to tell Donald Jr, it seems. https://t.co/eJzEfcEKwz"
4742581335,0,"Before the DNC hack, Russian internet trolls were being hired to pose as pro-Trump Americans https://t.co/STBdwParYS"
738526948641542146,0,OPINI√ìN: ¬øC√≥mo logr√≥ .realDonaldTrump   convertirse en una celebridad? https://t.co/bvyi7PKhLp https://t.co/z0SKxj6sbQ
322255207,1282,"RT @DanaSchwartzzz: Hillary Clinton has detailed plans for 37 issues on her website
Donald Trump has 7 vague suggestions and 2 of them are‚Ä¶"
2494110469,454,RT @TheDemocrats: ‚ÄúAnd he wants to be Commander-in-Chief?‚Äù Tim Kaine says what we're all thinking about Donald Trump. https://t.co/egs9iPTe‚Ä¶
1324388550,6705,RT @LolitaDrugs: Michelle Obama put Donald Trump in his place without even mentioning his name https://t.co/oeuikcVzZJ
1279371866,1282,"RT @DanaSchwartzzz: Hillary Clinton has detailed plans for 37 issues on her website
Donald Trump has 7 vague suggestions and 2 of them are‚Ä¶"
2798557658,1,"RT @Rock95Barrie: Words can inspire or destroy...
So what does how Trump answers a question say about him???https://t.co/4vbuakGvFh https:/‚Ä¶"
523951646,40,RT @MGRemmele: Are people aware of Donald Trump's mother's hair?  It explains a lot https://t.co/VwQ67qSdqe
101400537,1282,"RT @DanaSchwartzzz: Hillary Clinton has detailed plans for 37 issues on her website
Donald Trump has 7 vague suggestions and 2 of them are‚Ä¶"
43793642,453,RT @CNN: Elizabeth Banks imitates Donald Trump's entrance at the Republican convention https://t.co/DD7sJjbmti #DemsInPhilly https://t.co/l‚Ä¶
1389882727,0,Elizabeth Banks Compares Donald Trump to 'Hunger Games' Character at DNC https://t.co/Fvu0u0P2lx (THR)
123913587,475,"RT @IBTimes: You don't have to vote for Trump or Clinton. @DrJillStein is an option, too. https://t.co/s36wfebhb6"
4746167475,86,"RT @RpAphmau: RT for @_Aphmau_ 
Like for Donald Trump https://t.co/tT3izRkuT1"
1084817426,1,"""If you want your country to have your own Putin you can vote for Donald Trump"" -Pussy Riot- https://t.co/pL6N7xViSZ https://t.co/cS2bnyTLzJ"
717618631,164,"RT @jurneesmollett: All the amazing Bernie Sanders supporters, this is a must read: ""Stopping Trump is a national emergency"" https://t.co/z‚Ä¶"
260992050,1282,"RT @DanaSchwartzzz: Hillary Clinton has detailed plans for 37 issues on her website
Donald Trump has 7 vague suggestions and 2 of them are‚Ä¶"
26328034,1187,"RT @DanaSchwartzzz: Donald Trump has 7 positions on his website. I read all of them so you don't have to. Or go do it, it's hilarious. http‚Ä¶"
19516593,0,@hpsmama @NECN @OCEARCH That's Donald Trump üòÜ
32257770,53,"RT @albertmohler: My best thoughts after @RNCinCLE are the same as before, as I explain in this short video @baptist21 with @drmoore https:‚Ä¶"
42967418,3,"RT @katiecouric: ""He does not know what he's talking about &amp; he makes outrageous statements that are dangerous"" - @madeleine on Donald Trum‚Ä¶"
22216980,144,RT @JoshMalina: Lincoln had a secretary named Kennedy. Kennedy had a secretary named Lincoln. Donald Trump is a fucking disgrace. Coinciden‚Ä¶
1511844822,0,"If the Election Were Held Today, Donald Trump Would 'Likely' Be the Next President https://t.co/cK5bZHVt0h"
370555308,58,RT @THR: Watch: @ElizabethBanks compare Donald Trump to 'Hunger Games' character at #DemsInPhilly https://t.co/Qfo4TZpOGn https://t.co/fG4r‚Ä¶
2892800601,0,"16 Years Ago, William F. Buckley Wrote This About Donald Trump And It‚Äôs Eerily Accurate https://t.co/P2t83mCLWh"
4064744285,763,RT @CitizensFedUp: Charles Manson endorsed Donald Trump for President from San Quentin Prison https://t.co/j3ubFaWeZd https://t.co/FxjOcu2w‚Ä¶
339213222,1403,"RT @kumailn: Think of any situation. Birthday, flat tire, anything. Now add Donald Trump. Be honest. The situation is now worse. Imagine 4‚Ä¶"
35013862,201,RT @BuzzFeedNews: .@ElizabethBanks spoofs Donald Trump's entrance while taking the stage at #DemsInPhilly https://t.co/p2hT5jGtZ4
2207694743,33,RT @dailykos: Donald Trump: Klandestine Kremlin Kandidate https://t.co/olLW0ExZxz
66200030,0,Donald Trump Uses President Obama's Own Words To Explain Why Hillary Is A Monumental Failure https://t.co/mknnqP9N4G
68166416,7,RT @TIMENOUT: Beautiful Trump Supporter Asks Donald Trump How Can We Pray For You! Mus... https://t.co/2Albz9fJCs via @YouTube
342285990,4467,"RT @pattonoswalt: Do the ""Bernie or Bust"" people know the ""Bust"" stands for ""Donald Trump shitting out of his dick on America""? #DemsInPhil‚Ä¶"
21919553,0,"Before the DNC hack, Russian internet trolls were being hired to pose as pro-Trump Americans https://t.co/CUD0Avgty6 via @bi_politics"
2184428881,3,RT @elohimis1: Obama accuses Putin HELPING TRUMP with Democratic Party email hack https://t.co/9bibTaVndY BULLSHIT! WHAT ABOUT THE CONTENT‚Ä¶
132707527,19,RT @brianlogandales: Mark Cuban is firing on all cylinders at Donald Trump right now and I love everything about it.
2414928931,0,@hernandezscott6 Donald Trump is a fake https://t.co/Q8kycBvPuR
4532581338,201,RT @BuzzFeedNews: .@ElizabethBanks spoofs Donald Trump's entrance while taking the stage at #DemsInPhilly https://t.co/p2hT5jGtZ4
14585825,276,"RT @FranklinFoer: Donald Trump Jr: ""Russians make up a pretty disproportionate cross-section of a lot of our assets."" https://t.co/yX3WPNsm‚Ä¶"
10691812,0,"(EW) 'Celebrity Apprentice' alums Clay Aiken, Khloe Kardashian slam Donald Trump https://t.co/168yIl0EwT"
334964468,1187,"RT @DanaSchwartzzz: Donald Trump has 7 positions on his website. I read all of them so you don't have to. Or go do it, it's hilarious. http‚Ä¶"
433587038,369,"RT @DanScavino: Facebook &amp; Twitter Mentions between 1/1/16 &amp; 7/21/16
Donald Trump 129,700,000 
Hillary Clinton 37,300,000
@Adweek https://t‚Ä¶"
3305380733,33,RT @DanaSchwartzzz: Why does Trump think invoicing Mexico for a wall is going to work? If ANYONE knows that people just refuse to pay those‚Ä¶
16540192,1187,"RT @DanaSchwartzzz: Donald Trump has 7 positions on his website. I read all of them so you don't have to. Or go do it, it's hilarious. http‚Ä¶"
272915121,0,@kathygriffin Donald Trump!
95042365,0,FACT CHECKING PATHOLOGICAL LIAR donald trump https://t.co/jmvaHDQoFM via @YouTube
18297437,42,RT @ChrisMegerian: Donald Trump's first response to Hillary Clinton's official nomination --&gt; https://t.co/Bv73oGGP5O
49800332,18,"RT @SopanDeb: Trump tells @THR that he would think about hiring Roger Ailes for his campaign: 
https://t.co/DOHSiHZrjW https://t.co/f6mvlw5‚Ä¶"
2514808379,0,"About Donald Trump 2016: 

(via someone in FB that IDK who) https://t.co/lvIpqJhFWG"
358233532,34,RT @southernkimmy: Hey Veterans in &amp; Out of Service ! Please Vote For Mr. Donald Trump in November! Remember Benghazi&amp; Tripoli!üò°üò°üò°üò° https:/‚Ä¶
210083095,1,Where are you receiving this information? Donald Trump out here spreading propaganda  https://t.co/AmEXQzkzRk
32779196,1282,"RT @DanaSchwartzzz: Hillary Clinton has detailed plans for 37 issues on her website
Donald Trump has 7 vague suggestions and 2 of them are‚Ä¶"
215701843,1448,"RT @ThePatriot143: Leadership: Donald Trump Calls to Thank Cleveland Police Chief and Officers for Keeping RNC Convention Safe #MAGA
https:‚Ä¶"
73052369,23,RT @Kris_Sacrebleu: Hotel fights back after Trump threatens to not pay @CNNPolitics https://t.co/KsI10LB1Dx #NeverTrump
757997840874385408,3,RT @elohimis1: Obama accuses Putin HELPING TRUMP with Democratic Party email hack https://t.co/9bibTaVndY BULLSHIT! WHAT ABOUT THE CONTENT‚Ä¶
81478236,380,"RT @joshtpm: .@realDonaldTrump You forgot abt this hotel you built in Soho with all the Russian money. here's the link, bro https://t.co/sp‚Ä¶"
4244430135,1663,"RT @orDonaldTrump: Timmy Turner or Donald Trump? ü§î

Retweet for Timmy Turner 
Like for Donald Trump https://t.co/90siUTqB10"
2188714152,1988,RT @AsiaChloeBrown: Prevented her father from killing a violent colonizer. Donald Trump wouldn't be a thing if she minded her business. htt‚Ä¶
3696876676,453,RT @CNN: Elizabeth Banks imitates Donald Trump's entrance at the Republican convention https://t.co/DD7sJjbmti #DemsInPhilly https://t.co/l‚Ä¶
257189512,2872,"RT @marclamonthill: If President Obama misspelled tweets as often as Donald Trump, they'd blame it on Affirmative Action."
4532581338,453,RT @CNN: Elizabeth Banks imitates Donald Trump's entrance at the Republican convention https://t.co/DD7sJjbmti #DemsInPhilly https://t.co/l‚Ä¶
9749012,33,RT @DanaSchwartzzz: Why does Trump think invoicing Mexico for a wall is going to work? If ANYONE knows that people just refuse to pay those‚Ä¶
16304706,0,Wonder why you didn't see the Trump kiddie singers at #RNCinCLE? He screwed them financially - and they're suing https://t.co/D7XN0LCUlu
1834650757,1403,"RT @kumailn: Think of any situation. Birthday, flat tire, anything. Now add Donald Trump. Be honest. The situation is now worse. Imagine 4‚Ä¶"
3004718336,43,"RT @HowardMortman: On the left, Donald Trump ... On the right, Elizabeth Banks https://t.co/CnlqpgHaDd"
79570833,9004,RT @Pandamoanimum: This photo of Donald Trump's mum looks like a character in a film about Trump's life where Trump plays all the roles htt‚Ä¶
2530776284,7,RT @stevej132: #BlackDNCResistance shouldnt american children be dreamers to..-donald j.trump
2530776284,7,RT @stevej132: #BlackDNCResistance shouldnt american children be dreamers to..-donald j.trump
211928501,33,RT @CNBCnow: Actress Elizabeth Banks mocks Donald Trump's RNC entrance. #DemConvention https://t.co/caJJc33SLt
822318182,575,"RT @NYDailyNews: .@ShaunKing: To stop Donald Trump, I‚Äôll be voting for Hillary Clinton ‚Äî and you should too https://t.co/o8lRVN7vZg https:/‚Ä¶"
3064019904,144,"RT @goldengateblond: Thank you, @ShaunKing ... 'To stop Donald Trump, I'll be voting for Hillary Clinton' https://t.co/fEWSPYBo17 https://t‚Ä¶"
3754839673,14405,RT @khendoll: 41. Donald Trump didn't age well https://t.co/JkVq86zH4O
41461312,4467,"RT @pattonoswalt: Do the ""Bernie or Bust"" people know the ""Bust"" stands for ""Donald Trump shitting out of his dick on America""? #DemsInPhil‚Ä¶"
242200705,1282,"RT @DanaSchwartzzz: Hillary Clinton has detailed plans for 37 issues on her website
Donald Trump has 7 vague suggestions and 2 of them are‚Ä¶"
4692164654,1187,"RT @DanaSchwartzzz: Donald Trump has 7 positions on his website. I read all of them so you don't have to. Or go do it, it's hilarious. http‚Ä¶"
22685691,9004,RT @Pandamoanimum: This photo of Donald Trump's mum looks like a character in a film about Trump's life where Trump plays all the roles htt‚Ä¶
1188380772,36,"RT @bi_politics: Before the DNC hack, Russian internet trolls were being hired to pose as pro-Trump Americans https://t.co/ojcmForSCj https‚Ä¶"
2761602394,0,"Donald Trump is so angry, and it's amazing üòÇ"
1100834917,33,RT @DanaSchwartzzz: Why does Trump think invoicing Mexico for a wall is going to work? If ANYONE knows that people just refuse to pay those‚Ä¶
41483434,126,"RT @TUSK81: Thanks for supporting Donald Trump's plan to deport my community, Jill. https://t.co/afJ8q1d7fn"
4120521028,276,"RT @FranklinFoer: Donald Trump Jr: ""Russians make up a pretty disproportionate cross-section of a lot of our assets."" https://t.co/yX3WPNsm‚Ä¶"
32500324,0,Let's call Donald Trump the American Kleptocrat..! https://t.co/mNwoBi2Koa
2965140543,218,"RT @Phil_Lewis_: ""You can only vote for Donald Trump or Hillary Clinton. Who are you voting for?"" 

 https://t.co/xYou651yZ0"
505357645,9,RT @locust9: Told him Donald Trump might be elected https://t.co/ykq3nwth3t
473652304,857,"RT @orDonaldTrump: Wake Flocka or Donald Trump? 

Retweet for Flocka
Like for Trump https://t.co/0zP88Id6nk"
17984007,276,"RT @FranklinFoer: Donald Trump Jr: ""Russians make up a pretty disproportionate cross-section of a lot of our assets."" https://t.co/yX3WPNsm‚Ä¶"
27543078,1187,"RT @DanaSchwartzzz: Donald Trump has 7 positions on his website. I read all of them so you don't have to. Or go do it, it's hilarious. http‚Ä¶"
758081293745811456,9004,RT @Pandamoanimum: This photo of Donald Trump's mum looks like a character in a film about Trump's life where Trump plays all the roles htt‚Ä¶
23207971,0,@ElizabethBanks new Donald trump name:  Donald (distorting truth) Trump.
26040051,1187,"RT @DanaSchwartzzz: Donald Trump has 7 positions on his website. I read all of them so you don't have to. Or go do it, it's hilarious. http‚Ä¶"
65109514,0,Obama Puts Thumb On Scale About Trump's Possible Ties To Putin https://t.co/RTROdFLXOv https://t.co/gygaRL1S50
211565054,0,CLASSY MOVE BY HILLARY IM PRETTY SURE THAT DONALD TRUMP WOULD NOT INVITE THEM AT ALL https://t.co/rvre8hAgYY
2380832109,369,"RT @DanScavino: Facebook &amp; Twitter Mentions between 1/1/16 &amp; 7/21/16
Donald Trump 129,700,000 
Hillary Clinton 37,300,000
@Adweek https://t‚Ä¶"
261054606,81,RT @voxdotcom: .@ElizabethBanks called back to Donald Trump's RNC entrance as she took the stage at the DNC. #DemsInPhilly https://t.co/Wpn‚Ä¶
1082161086,108,"RT @FUchejr: @thehill @Amaka_Ekwo 
Donald Trump fight heard to delivery Americans from misery are about to befall her U are God sent, Dont‚Ä¶"
225610708,4467,"RT @pattonoswalt: Do the ""Bernie or Bust"" people know the ""Bust"" stands for ""Donald Trump shitting out of his dick on America""? #DemsInPhil‚Ä¶"
246091153,116,RT @cnni: Actress @ElizabethBanks parodies Donald Trump's Republican convention entrance https://t.co/LDIX9xAnJ7 #DemsinPhilly https://t.co‚Ä¶
740390230516240385,431,"RT @PhilBryantMS: We had about 5,000 supporters show up for Donald Trump Jr. today at the Neshoba County Fair. Huge crowd. https://t.co/R4V‚Ä¶"
351739665,9004,RT @Pandamoanimum: This photo of Donald Trump's mum looks like a character in a film about Trump's life where Trump plays all the roles htt‚Ä¶
619572621,18,"RT @SopanDeb: Trump tells @THR that he would think about hiring Roger Ailes for his campaign: 
https://t.co/DOHSiHZrjW https://t.co/f6mvlw5‚Ä¶"
1891274786,33,RT @DanaSchwartzzz: Why does Trump think invoicing Mexico for a wall is going to work? If ANYONE knows that people just refuse to pay those‚Ä¶
457316876,613,RT @donnabrazile: People who call themselves progressives can‚Äôt let themselves be manipulated by Donald Trump‚Ä¶ or Vladimir Putin. We have b‚Ä¶
1932985752,24,"RT @everdeensarrows: me: marshmallows are gross!
donald trump: marshmallows are gross!
me:
https://t.co/9Qq6NFx9hw"
1613262282,0,"Me preocupa que los latinos odien tanto a Donald Trump, siendo que Hillary Clinton es una peor opci√≥n."
4817230187,1187,"RT @DanaSchwartzzz: Donald Trump has 7 positions on his website. I read all of them so you don't have to. Or go do it, it's hilarious. http‚Ä¶"
329380833,9004,RT @Pandamoanimum: This photo of Donald Trump's mum looks like a character in a film about Trump's life where Trump plays all the roles htt‚Ä¶
361644174,1187,"RT @DanaSchwartzzz: Donald Trump has 7 positions on his website. I read all of them so you don't have to. Or go do it, it's hilarious. http‚Ä¶"
1948145024,0,Trump‚Äôs Boswell Speaks https://t.co/tMN6ZwtK3V via @newyorker
930845550,1187,"RT @DanaSchwartzzz: Donald Trump has 7 positions on his website. I read all of them so you don't have to. Or go do it, it's hilarious. http‚Ä¶"
431264944,0,Elizabeth Banks Compares Donald Trump to 'Hunger Games' Character at DNC https://t.co/lGWnmNfNyG
3358440079,0,@212345734a37435 @realDonaldTrump did you explain how Donald Trump raped a 13 yr old grl in 1995 -
242975331,276,"RT @FranklinFoer: Donald Trump Jr: ""Russians make up a pretty disproportionate cross-section of a lot of our assets."" https://t.co/yX3WPNsm‚Ä¶"
2535689845,0,@DonaldJTrumpJr                     Bold prediction :  Donald J Trump breaks record in November with 100+million votes #MAGA. #TrumptrainüöÑ
2997833537,1741,"RT @HillaryClinton: On most campaigns, there isn't much ambiguity as to whether the candidate does or doesn't back KKK leaders. https://t.c‚Ä¶"
22042976,1,"RT @sparksjls: They, on the other hand, seem to have investments in you https://t.co/lKnKaqMCDs https://t.co/Dg5m5DaBaN"
240827421,1187,"RT @DanaSchwartzzz: Donald Trump has 7 positions on his website. I read all of them so you don't have to. Or go do it, it's hilarious. http‚Ä¶"
2509963927,1663,"RT @orDonaldTrump: Timmy Turner or Donald Trump? ü§î

Retweet for Timmy Turner 
Like for Donald Trump https://t.co/90siUTqB10"
2217046052,1282,"RT @DanaSchwartzzz: Hillary Clinton has detailed plans for 37 issues on her website
Donald Trump has 7 vague suggestions and 2 of them are‚Ä¶"
17919245,0,Actress Elizabeth Banks apes Donald Trump's 'over the top' RNC entrance https://t.co/dOQ293waGx
180885750,570,RT @stevesilberman: Rumors that Putin was behind the leak of DNC emails are not just rumors. It's the working hypothesis of the FBI. https:‚Ä¶
783178477,4,"RT @RedKahina: Donald Trump is a greedy, grasping clown, a vain swaggering bigoted billionaire. Hilary Clinton is the Death Star."
33426979,0,@TerryFoster971 Donald J Trump will!
286267356,0,"Literally the new platform is well she's the lesser of two evils. 

https://t.co/swEP4F9XBT

@JohnRestaino13 @JRRestaino"
2416763191,763,RT @CitizensFedUp: Charles Manson endorsed Donald Trump for President from San Quentin Prison https://t.co/j3ubFaWeZd https://t.co/FxjOcu2w‚Ä¶
1733861497,215,"RT @HotNewHipHop: Watch Barry O da @POTUS ether Donald Trump with @YG's FDT""

https://t.co/p0rvy9pDCk https://t.co/NwGyeG6Dhe"
2560884537,1663,"RT @orDonaldTrump: Timmy Turner or Donald Trump? ü§î

Retweet for Timmy Turner 
Like for Donald Trump https://t.co/90siUTqB10"
30230933,0,HUNGARIAN Prime Minister Viktor Orban pledges support for Donald Trump https://t.co/gM3lSrn3no
297171645,3643,RT @DylanGotti: Donald Trump https://t.co/OTZNgtDTBV
1489796270,0,Elizabeth Banks mocks Trump's convention entrance https://t.co/HNWamX3Cmc
466603103,0,Who are Donald Trump's supporters? https://t.co/Lkv8DiIIwt
2829196009,41,"RT @LindaSuhler: üá∫üá∏Donald Trump for President Rally!
üí•DAVENPORT, IA
THURS 7/28 4 PM EDT #IOWA
#TrumpPence16üá∫üá∏  #MAGA #Jobs
Reg:
https://t.c‚Ä¶"
4787208975,6,RT @azmoderate: Cory Booker‚Äôs Response To Donald Trump Insult PROVES Democrats Are Better Than Republicans (VIDEO) https://t.co/YtccsjnyBq
615809251,1282,"RT @DanaSchwartzzz: Hillary Clinton has detailed plans for 37 issues on her website
Donald Trump has 7 vague suggestions and 2 of them are‚Ä¶"
368922856,4,"RT @RedKahina: Donald Trump is a greedy, grasping clown, a vain swaggering bigoted billionaire. Hilary Clinton is the Death Star."
210930033,1282,"RT @DanaSchwartzzz: Hillary Clinton has detailed plans for 37 issues on her website
Donald Trump has 7 vague suggestions and 2 of them are‚Ä¶"
2326553067,158,RT @ABC: Fact-checking speakers' claims about Donald Trump on Day 1 of the #DemConvention https://t.co/3cm0VcEmNQ https://t.co/7hJTLtue54
720281941908463616,1,Obama Puts Thumb On Scale About Trump's Possible Ties To Putin @TPM https://t.co/gDtm5Ljpzg
4818801089,0,"It Sure Looks Like Donald Trump Would Be Putin's Puppet If He Is...
Via News Break: https://t.co/0EhxzKHGcv https://t.co/zGkPtIrV6M"
730998203177390080,1187,"RT @DanaSchwartzzz: Donald Trump has 7 positions on his website. I read all of them so you don't have to. Or go do it, it's hilarious. http‚Ä¶"
25770827,0,Trump: 'I have ZERO investments in Russia' https://t.co/fWtzQT7qc9
315447841,1187,"RT @DanaSchwartzzz: Donald Trump has 7 positions on his website. I read all of them so you don't have to. Or go do it, it's hilarious. http‚Ä¶"
21407656,3,"RT @geeyaveliii: Bernie Sanders had the best chance to beat Donald Trump, so y'all can't get mad when Trump is the Next President #RollCall‚Ä¶"
2826179718,126,"RT @TUSK81: Thanks for supporting Donald Trump's plan to deport my community, Jill. https://t.co/afJ8q1d7fn"
3390360027,1187,"RT @DanaSchwartzzz: Donald Trump has 7 positions on his website. I read all of them so you don't have to. Or go do it, it's hilarious. http‚Ä¶"
2858620519,0,@g1 prefiro mil vezes a Hillary do que esse governo do √≥dio e do preconceito que o Donald Trump quer transformar
483802379,238,RT @JayJazzi: Donald Trump is safe then RT @MailOnline: How the human body would have to be built to survive a car crash https://t.co/CB5k2‚Ä¶
1169770117,1,RT @piperlanedavis: If Donald Trump gets elected we'll probably see an assassination
251149452,9004,RT @Pandamoanimum: This photo of Donald Trump's mum looks like a character in a film about Trump's life where Trump plays all the roles htt‚Ä¶
370117168,0,Elizabeth Banks Compares Donald Trump to 'Hunger Games' Character at DNC https://t.co/9ESZnV0Cxx
1660225933,1282,"RT @DanaSchwartzzz: Hillary Clinton has detailed plans for 37 issues on her website
Donald Trump has 7 vague suggestions and 2 of them are‚Ä¶"
215792580,27,RT @sciam: What is the underlying motivation behind virtually everything Trump does? https://t.co/ReTU0UALBX
4054393762,38,"RT @dnvolz: Obama: ""FBI is still investigating [DNC hack] .. what I do know is that Donald Trump has repeatedly expressed admiration for Vl‚Ä¶"
3184302971,0,"@KirstenPowers Excuse me it's ""Donald J Trump""..stop saying ""Trump"". Only O'Reilly can address folks on a last name basis. #Trump2016"
75118422,93,RT @FranklinFoer: Donald Trump Jr. ‚ÄúWe see a lot of money pouring in from Russia.‚Äù https://t.co/1EXfzgv2Z1
3368912583,7,RT @NewRepublic: Jimmy Carter dislikes Donald Trump even more than he dislikes Bill Clinton. https://t.co/hXn1kPlxDP
538693062,453,RT @CNN: Elizabeth Banks imitates Donald Trump's entrance at the Republican convention https://t.co/DD7sJjbmti #DemsInPhilly https://t.co/l‚Ä¶
562094572,67,RT @TODAYshow: Actress @ElizabethBanks makes Donald Trump-style entrance at #DNCinPHL #DemsinPhilly  https://t.co/ZOcEQ9UKdG
370457000,1187,"RT @DanaSchwartzzz: Donald Trump has 7 positions on his website. I read all of them so you don't have to. Or go do it, it's hilarious. http‚Ä¶"
18812301,3,"""He does not know what he's talking about &amp; he makes outrageous statements that are dangerous"" - @madeleine on Donald Trump. #DemsinPhilly"
732585133220335617,0,"As The Democrats Started Their Convention, Donald Trump Was Making Fun Of Elizabeth Warren‚Äôs Face https://t.co/H2CmykvbnP Sad clown"
3315837473,2048,RT @_Snape_: Congrats to Donald Trump for winning the Republican nomination https://t.co/LN4jk9KOLZ
707669832,1,"RT @t3rri3rg4l: 16 Years Ago, William F. Buckley Wrote This About Donald Trump And It‚Äôs Eerily Accurate https://t.co/slFRbAcSdF"
598924901,1282,"RT @DanaSchwartzzz: Hillary Clinton has detailed plans for 37 issues on her website
Donald Trump has 7 vague suggestions and 2 of them are‚Ä¶"
237324604,1282,"RT @DanaSchwartzzz: Hillary Clinton has detailed plans for 37 issues on her website
Donald Trump has 7 vague suggestions and 2 of them are‚Ä¶"
4885982967,3,"RT @hrkbenowen: Trump Continues Edging Ahead of Clinton in National Polls 
https://t.co/02Av60qFsA"
700636339134267393,33,RT @DanaSchwartzzz: Why does Trump think invoicing Mexico for a wall is going to work? If ANYONE knows that people just refuse to pay those‚Ä¶
361239742,859,"RT @shondarhimes: THIS IS NOT A DRILL. Thinking of not voting, America? Boos, listen to @luvvie: https://t.co/jgB4GdsKXt"
361239742,859,"RT @shondarhimes: THIS IS NOT A DRILL. Thinking of not voting, America? Boos, listen to @luvvie: https://t.co/jgB4GdsKXt"
174687488,1187,"RT @DanaSchwartzzz: Donald Trump has 7 positions on his website. I read all of them so you don't have to. Or go do it, it's hilarious. http‚Ä¶"
1620806917,4,"RT @intelhistorian: Before the DNC hack, Russian internet trolls were being hired to pose as pro-Trump Americans https://t.co/12MH94fyge vi‚Ä¶"
392141482,690,"RT @orDonaldTrump: Deez Nuts Guy or Donald Trump? ü§î

Retweet for Deez Nuts Guy
Like for Trump https://t.co/ZvwYwqkEnb"
21025381,0,@ShaunKing Ty. https://t.co/KyB0SrQBQI
708098284473204736,0,Watch our next president Donald Trump tell it like it is put America first #HesWithYou vote Trump https://t.co/nPc9rv1dFG
308705195,1282,"RT @DanaSchwartzzz: Hillary Clinton has detailed plans for 37 issues on her website
Donald Trump has 7 vague suggestions and 2 of them are‚Ä¶"
47696060,201,RT @BuzzFeedNews: .@ElizabethBanks spoofs Donald Trump's entrance while taking the stage at #DemsInPhilly https://t.co/p2hT5jGtZ4
231582518,434,"RT @CNN: Indiana casts #RollCall votes: ""Mike Pence and Donald Trump, you are officially fired"" #DemsInPhilly #DemConvention https://t.co/m‚Ä¶"
4510642401,0,Good for you @realDonaldTrump too many people accept unacceptable things as the norm.  https://t.co/tEhcx3bJCU
21517033,105,"RT @Bencjacobs: Tonight Trump called Russian involvement in DNC hack to help him, ""a weird conspiracy theory."" He then praised Putin https:‚Ä¶"
1564133917,1282,"RT @DanaSchwartzzz: Hillary Clinton has detailed plans for 37 issues on her website
Donald Trump has 7 vague suggestions and 2 of them are‚Ä¶"
2911527106,1190,"RT @imchriskelly: Yes, certain criticism of Hillary Clinton would be valid if she were running against anyone else. But its DONALD FUCKING‚Ä¶"
83470215,68,RT @BreitbartNews: 100 people with too much money and time on their hands: https://t.co/75K4VKB7Sb
1061562768,0,Ich habe ein @YouTube-Video von @baracksdubs positiv bewertet: https://t.co/1gll7IvkzO Barack Obama Singing Fuck Donald Trump by YG
4898819937,0,Donald Trump thinks Michelle Obama‚Äôs DNC speech was great https://t.co/DQvb6hgdRW https://t.co/c8KF4lCdMR
313541477,1187,"RT @DanaSchwartzzz: Donald Trump has 7 positions on his website. I read all of them so you don't have to. Or go do it, it's hilarious. http‚Ä¶"
3308560736,1448,"RT @ThePatriot143: Leadership: Donald Trump Calls to Thank Cleveland Police Chief and Officers for Keeping RNC Convention Safe #MAGA
https:‚Ä¶"
619572621,75,"RT @SopanDeb: New report estimates that Trump's border wall would cost between 15 and 25 billion dollars:
https://t.co/DOHSiIh2Iw https://t‚Ä¶"
1616173226,0,"If you want ""The Apprentice""'s Donald Trump to become the next president of the United States, good luck with that. #ImWithHer"
259495142,3,"RT @TheDoc__: So Donald Trump or Hillary Clinton..

Well damn America"
4497805522,1282,"RT @DanaSchwartzzz: Hillary Clinton has detailed plans for 37 issues on her website
Donald Trump has 7 vague suggestions and 2 of them are‚Ä¶"
4228167433,0,@androideira_br o donald trump √© muito punheteiro
983241932,0,Dad Behind Pro-Donald Trump ‚ÄòUSA Freedom Kids‚Äô Plans to Sue Campaign https://t.co/mzFw2EuB4S
110352502,0,"√âl ser√≠a el VP de Estados Unidos si Donald Trump gana, https://t.co/AgbKLI2VuZ"
3152212575,4,RT @71djt: Am honoured to support glorious anti-kulak Donald Fredericovich Trump. Together we ride dual carriageway to victory. https://t.c‚Ä¶
704952570,276,"RT @FranklinFoer: Donald Trump Jr: ""Russians make up a pretty disproportionate cross-section of a lot of our assets."" https://t.co/yX3WPNsm‚Ä¶"
239597385,1187,"RT @DanaSchwartzzz: Donald Trump has 7 positions on his website. I read all of them so you don't have to. Or go do it, it's hilarious. http‚Ä¶"
25952311,276,"RT @FranklinFoer: Donald Trump Jr: ""Russians make up a pretty disproportionate cross-section of a lot of our assets."" https://t.co/yX3WPNsm‚Ä¶"
75797367,33,RT @DanaSchwartzzz: Why does Trump think invoicing Mexico for a wall is going to work? If ANYONE knows that people just refuse to pay those‚Ä¶
3161660191,3,Obama accuses Putin HELPING TRUMP with Democratic Party email hack https://t.co/9bibTaVndY BULLSHIT! WHAT ABOUT THE CONTENT OF THE EMAILS?
4081560988,0,Obama accuses Vladimir Putin of helping Donald Trump with Democratic Party email hack https://t.co/qTxWUd9spg
565968955,110,RT @DylanByers: George Will says Donald Trump won‚Äôt release tax returns ‚Äúbecause he‚Äôs deeply involved in dealing with Russia‚Äù ‚Ä¶ https://t.c‚Ä¶
778862461,157,"RT @jonathanalter: The most thorough, profound and moving defense of Hillary Clinton I have ever seen. This piece helps persuade.  https://‚Ä¶"
820187383,1,"RT @dmcrane: Donald Trump REFUSING To Pay His Hotel Bill After Campaign Stop, The Reason Is INSANE https://t.co/OYqvDO02Uw via @Bipartisan‚Ä¶"
238855350,380,"RT @joshtpm: .@realDonaldTrump You forgot abt this hotel you built in Soho with all the Russian money. here's the link, bro https://t.co/sp‚Ä¶"
18201787,142,RT @TheAmyNicholson: Latest people to sue Donald Trump for non-payment: Those Freedom Kids https://t.co/YZqrK7c4ku https://t.co/xezmlNpCi7
623677519,43,RT @GhitaEb: Mes dm aussi vides que la t√™te de donald trump la
402855367,30,RT @nypost: Donald Trump admired Michelle Obama's #DemsinPhilly speech https://t.co/kvz43gvdGQ
261035490,21,"RT @MicahGrimes: Pres. Obama on #DNCLeak: ""What I do know is that Donald Trump has repeatedly expressed admiration for Vladimir Putin."""
885742357,6,RT @GarrettRuby: @sheenA_8886 We will RISE with HILLARY CLINTON and defeat Donald Trump in November. The nation is ready! We are ready! Hil‚Ä¶
712004471136641024,0,Michelle Obama‚Äôs D.N.C. Speech: How FLOTUS Defeated Donald Trump | Vanity Fair https://t.co/T8z6RpmRXp #trump2016 #GOP via @KeithOlbermann
325182372,0,"Donald J. Trump and Michael Pence, a first date and a marriage.   https://t.co/t61KBeaGVL"
36086698,1187,"RT @DanaSchwartzzz: Donald Trump has 7 positions on his website. I read all of them so you don't have to. Or go do it, it's hilarious. http‚Ä¶"
375388997,1,RT @jfrancis8104: We have to vote between Donald Trump and this... I'd like a mulligan on the primaries. https://t.co/kNP6AqyJvN
22525200,109,"RT @7im: This 'No Bounce' NBC poll has huge sample size, about as big as rest of the recent polls put together https://t.co/07PlgJsNiT via‚Ä¶"
262900807,36,"RT @bi_politics: Before the DNC hack, Russian internet trolls were being hired to pose as pro-Trump Americans https://t.co/ojcmForSCj https‚Ä¶"
228350598,747,"RT @wpjenna: Donald Trump's rally crowd in Winston-Salem chants: ""Lock her up! Lock her up! Lock her up!"" https://t.co/VFHRytm9tX"
110799048,3,RT @VonniMediaMogul: Elizabeth Banks and her bird dropping dress is mocking Donald Trump. Funny #DemConvention
2239347366,299,RT @CNN: Actress @ElizabethBanks parodies Donald Trump's Republican convention entrance https://t.co/mm44t5xU6G #DemsinPhilly https://t.co/‚Ä¶
15308137,1282,"RT @DanaSchwartzzz: Hillary Clinton has detailed plans for 37 issues on her website
Donald Trump has 7 vague suggestions and 2 of them are‚Ä¶"
604076513,6,"RT @PMgeezer: Donald Trump says 
""Keep them out, until we can figure it out""
#Normandy #Nice  #Munich #Brussels #Paris https://t.co/c3MxyeM‚Ä¶"
1963201382,1,In other news... Donald Trump is exposing idiots for who they are and Hilary has convinced everyone to forget who she is. Only in America.
24791596,1,RT @ElleEmSee: @MaryCarland @Pandamoanimum Mary Trump frightens me more than Donald
18180692,763,RT @CitizensFedUp: Charles Manson endorsed Donald Trump for President from San Quentin Prison https://t.co/j3ubFaWeZd https://t.co/FxjOcu2w‚Ä¶
2894847547,173,"RT @IslamIsTrash: ""Donald Trump is a loud, nasty, fraud who has never risked anything for anyone and who serves no one but himself"" https:/‚Ä¶"
741559212,0,"Anthony Weiner will run for mayor again ‚Äî but only against Donald Trump Jr. via @NYPost

after interns right carlos? https://t.co/OdJsap6W4Y"
339168378,1187,"RT @DanaSchwartzzz: Donald Trump has 7 positions on his website. I read all of them so you don't have to. Or go do it, it's hilarious. http‚Ä¶"
314613453,36,"RT @latimes: Tim Kaine: ""For Donald Trump, Latinos are second-class citizens"" https://t.co/5RmdF29y7l"
319746353,29,"RT @THR: #DemsInPhilly's @ElizabethBanks on Trump: ""Out-of-touch reality star who wears insane wigs"" https://t.co/THRBwS6KWN https://t.co/h‚Ä¶"
1022726580,168,"RT @GavinNewsom: ""I've never said this before, but I believe that stopping Trump is a national emergency."" - Shaun King https://t.co/X4HXvz‚Ä¶"
261749735,113,"RT @LindaSuhler: Donald Trump, Mike Pence Speak at today's VFW National Convention in Charlotte, NC!
#TrumpPence16 #Veterans #SOV
https://t‚Ä¶"
4878866915,0,"Donald Trump Slams Megyn Kelly &amp; Gretchen Carlson For Alleged Sexual...
Via News Break: https://t.co/HdMYE1IK8R https://t.co/LStqB0aT78"
224759173,200,RT @hautedamn: Donald Trump watching the #DemsInPhilly: https://t.co/gdA3zl6pmF
2165849766,0,U.S. Attorney Under George W. Ditches GOP Over 'Dangerous Demagogue' Trump#NeverTrump #droppinglikeflies  https://t.co/r2Vh4uSJNx
977103848,453,RT @CNN: Elizabeth Banks imitates Donald Trump's entrance at the Republican convention https://t.co/DD7sJjbmti #DemsInPhilly https://t.co/l‚Ä¶
232851192,1282,"RT @DanaSchwartzzz: Hillary Clinton has detailed plans for 37 issues on her website
Donald Trump has 7 vague suggestions and 2 of them are‚Ä¶"
227172703,0,Donald Trump is an alleged rapistü§î https://t.co/qxlTvkqDo6
874764805,5,RT @KinseyABC15: Did the joke FLOP? VIDEO: Elizabeth Banks mocks Donald Trump's RNC Intro - #DemsInPhilly https://t.co/oHeo7ATh4U
2779075812,1282,"RT @DanaSchwartzzz: Hillary Clinton has detailed plans for 37 issues on her website
Donald Trump has 7 vague suggestions and 2 of them are‚Ä¶"
538693062,29,"RT @THR: #DemsInPhilly's @ElizabethBanks on Trump: ""Out-of-touch reality star who wears insane wigs"" https://t.co/THRBwS6KWN https://t.co/h‚Ä¶"
19684864,116,RT @cnni: Actress @ElizabethBanks parodies Donald Trump's Republican convention entrance https://t.co/LDIX9xAnJ7 #DemsinPhilly https://t.co‚Ä¶
3013896260,1989,RT @AsiaChloeBrown: Prevented her father from killing a violent colonizer. Donald Trump wouldn't be a thing if she minded her business. htt‚Ä¶
1663291417,1282,"RT @DanaSchwartzzz: Hillary Clinton has detailed plans for 37 issues on her website
Donald Trump has 7 vague suggestions and 2 of them are‚Ä¶"
151633342,118,"RT @Bipartisanism: Donald Trump REFUSING To Pay His Hotel Bill After Campaign Stop, The Reason Is‚Ä¶ https://t.co/nS7u2ZGb6a https://t.co/1Mr‚Ä¶"
1636994276,1282,"RT @DanaSchwartzzz: Hillary Clinton has detailed plans for 37 issues on her website
Donald Trump has 7 vague suggestions and 2 of them are‚Ä¶"
703706177616666626,88,"RT @THR: Elizabeth Banks Impersonates, Takes Jabs at Donald Trump at DNC https://t.co/AVgjcdejUr #DemsinPhilly https://t.co/3A818oz4I6"
33086980,1403,"RT @kumailn: Think of any situation. Birthday, flat tire, anything. Now add Donald Trump. Be honest. The situation is now worse. Imagine 4‚Ä¶"
204322919,0,A rough guide to the many scandals of Donald J. Trump https://t.co/CFScLQdNyc
122101295,77,"RT @AaronBlake: Trump on Michelle Obama's anti-Trump speech: ""I thought she did a very good job. I liked her speech."" https://t.co/jpwhIGQS‚Ä¶"
135641719,452,"RT @orDonaldTrump: Caveman SpongeBob or Donald Trump? 

Retweet for SpongeBob
Like for Trump https://t.co/4DvA2grBRL"
2174019231,236,"RT @CNN: Donald Trump: ""My message is that things have to change, and they have to change right now"" #RNCinCLE https://t.co/Y5b7LJF2o3"
67988537,234,"RT @CNN: Cory Booker responds to Trump: ""I love you, Donald"" https://t.co/SGgzAXyMyO https://t.co/1zoA7hUVSR"
2495378634,0,Donald Trump is not a 'Daddy' (in the sense of the term used in gay male subculture). He's a Crazy Uncle and he's not even good-looking.
1104193710,1282,"RT @DanaSchwartzzz: Hillary Clinton has detailed plans for 37 issues on her website
Donald Trump has 7 vague suggestions and 2 of them are‚Ä¶"
49398382,17,RT @TPM: Obama puts thumb on scale about Trump's possible ties to Putin https://t.co/2EvhguwRbo https://t.co/EGtaMHd3Cc
737717173754290176,299,RT @CNN: Actress @ElizabethBanks parodies Donald Trump's Republican convention entrance https://t.co/mm44t5xU6G #DemsinPhilly https://t.co/‚Ä¶
1947349627,0,6 reasons to vote for Donald J. Trump https://t.co/6kkwUJ3Tcr
50936590,0,"@aaronclouse73 @WhoIsDEF @HillaryClinton @realDonaldTrump @rgrace76 trump = recession
https://t.co/kZNfIIyZLJ"
20058549,27,RT @sciam: What is the underlying motivation behind virtually everything Trump does? https://t.co/ReTU0UALBX
163634745,8,"RT @bkesling: Generally-speaking, African-American VFW attendees far less-enthusiastic for Donald Trump's speech than Hillary Clinton's

#V‚Ä¶"
614096914,17,RT @TPM: Obama puts thumb on scale about Trump's possible ties to Putin https://t.co/2EvhguwRbo https://t.co/EGtaMHd3Cc
476913565,88,"RT @THR: Elizabeth Banks Impersonates, Takes Jabs at Donald Trump at DNC https://t.co/AVgjcdejUr #DemsinPhilly https://t.co/3A818oz4I6"
45743810,380,"RT @joshtpm: .@realDonaldTrump You forgot abt this hotel you built in Soho with all the Russian money. here's the link, bro https://t.co/sp‚Ä¶"
59816192,6,RT @rcooley123: Donald Trump: Lord of the Lies https://t.co/JM6FKpBgvX via @BroadBlogs
1007823091,164,"RT @jurneesmollett: All the amazing Bernie Sanders supporters, this is a must read: ""Stopping Trump is a national emergency"" https://t.co/z‚Ä¶"
2650243802,0,Real Donald Trump Is A Douche Bag!
595038758,0,Donald Trump doesn't have one bad quality.
280713610,18829,RT @OFalafel: How to make your own realistic talking Donald Trump puppet https://t.co/7s8BytzLam
1531185990,165,RT @TimSClark: POLLING UPDATE: Trump takes national lead.  https://t.co/YqBMkPFns4  #TrumpPence16 #CAforTrump
1531185990,165,RT @TimSClark: POLLING UPDATE: Trump takes national lead.  https://t.co/YqBMkPFns4  #TrumpPence16 #CAforTrump
2218742450,1282,"RT @DanaSchwartzzz: Hillary Clinton has detailed plans for 37 issues on her website
Donald Trump has 7 vague suggestions and 2 of them are‚Ä¶"
46368998,1,"RT @RSmith1935: To Democrats, Email Hack Suggests Trump Has New Supporter: Putin https://t.co/wl0on7hQWs"
3995400639,0,Will you vote for Donald Trump?;  https://t.co/35uKWwN7Nu #poll via @opinionstage
738518243627966464,1188,"RT @DanaSchwartzzz: Donald Trump has 7 positions on his website. I read all of them so you don't have to. Or go do it, it's hilarious. http‚Ä¶"
185614627,4,"RT @RedKahina: Donald Trump is a greedy, grasping clown, a vain swaggering bigoted billionaire. Hilary Clinton is the Death Star."
13110952,1188,"RT @DanaSchwartzzz: Donald Trump has 7 positions on his website. I read all of them so you don't have to. Or go do it, it's hilarious. http‚Ä¶"
164524644,1282,"RT @DanaSchwartzzz: Hillary Clinton has detailed plans for 37 issues on her website
Donald Trump has 7 vague suggestions and 2 of them are‚Ä¶"
2161519218,0,"donald trump. 
‚Ä¢looks like a rat 
‚Ä¢deserves to live in the sewers https://t.co/n6KjXVV92P"
1482772056,0,"This is a real issue that needs to be addressed.

 https://t.co/XEvpQ2ferR"
242438723,380,"RT @joshtpm: .@realDonaldTrump You forgot abt this hotel you built in Soho with all the Russian money. here's the link, bro https://t.co/sp‚Ä¶"
711152749988040704,136,"RT @sialusa: Trump bounces into the lead @CNNPolitics https://t.co/qv78FV7uri Bernie Voters HATE Hillary , New CNN"
746880760347504640,299,RT @CNN: Actress @ElizabethBanks parodies Donald Trump's Republican convention entrance https://t.co/mm44t5xU6G #DemsinPhilly https://t.co/‚Ä¶
258026081,453,RT @CNN: Elizabeth Banks imitates Donald Trump's entrance at the Republican convention https://t.co/DD7sJjbmti #DemsInPhilly https://t.co/l‚Ä¶
15237943,1282,"RT @DanaSchwartzzz: Hillary Clinton has detailed plans for 37 issues on her website
Donald Trump has 7 vague suggestions and 2 of them are‚Ä¶"
539842668,0,Hotel fights back after Trump threatens to not pay @CNNPolitics https://t.co/x7Ahc6UdNj
17489523,1,RT @calbears96: @ChrisDobbertean @devyanks90 @JerryBeach73 Donald J. Trump Steak Park
209314426,0,"Amid all his crap, Donald Trump just keeps accurately hitting the nail right on the head. https://t.co/LCOg529NhO"
90502102,0,"VIDEO: Renowned Ukrainian sculptor has sculpted a bust of Donald Trump - ""He is the heart of the USA""    https://t.co/Km2yUdpe5v via @jubals"
550684641,30,RT @LeRoy2555: BOOM! Hillary Loses ONE-THIRD of Gay Support Since #Orlando Massacre ‚Äì Trump Gay Support SOARS https://t.co/pzrEFbbIwh via @‚Ä¶
38835666,81,RT @voxdotcom: .@ElizabethBanks called back to Donald Trump's RNC entrance as she took the stage at the DNC. #DemsInPhilly https://t.co/Wpn‚Ä¶
709113785198514176,19,RT @SkyNews: The mother of the British man accused of wanting to kill Donald Trump has pleaded for him to be allowed home https://t.co/vkSu‚Ä¶
151633342,87,RT @Bipartisanism: BREAKING: GOP In Shambles As Powerful Republican Senator Leaves Party Over Donald¬†Trump https://t.co/49rtk0CpbU https://‚Ä¶
213920419,0,Former U.S. attorney ditches GOP over ‚Äòdangerous demagogue‚Äô Donald Trump https://t.co/s3YONC3d7f via @HuffPostPol
521641915,16,RT @janicemin: Even Donald Trump's review of #DemsInPhilly Night One praised Michelle Obama @TheRyanParker https://t.co/8IRnsjvpKC https://‚Ä¶
35954301,1729,"RT @Phil_Lewis_: I'm reading Donald Trump's TL and noticed he had something to say about everybody EXCEPT #FLOTUS. 

#DemsInPhilly

 https:‚Ä¶"
34684104,110,RT @DylanByers: George Will says Donald Trump won‚Äôt release tax returns ‚Äúbecause he‚Äôs deeply involved in dealing with Russia‚Äù ‚Ä¶ https://t.c‚Ä¶
1024798622,287,RT @RollThafe_: Donald trump can just https://t.co/Bn9Qf0eMet
2515699585,215,"RT @HotNewHipHop: Watch Barry O da @POTUS ether Donald Trump with @YG's FDT""

https://t.co/p0rvy9pDCk https://t.co/NwGyeG6Dhe"
21465838,0,@RogerRiga boy that would be an ugly turnaround. If they do go down that route then we will elect a Donald Trump in the future
411809274,0,Elizabeth Banks parodies Donald Trump with blustery entrance at DNC https://t.co/T9Sd9XkV7k
2475149728,453,RT @CNN: Elizabeth Banks imitates Donald Trump's entrance at the Republican convention https://t.co/DD7sJjbmti #DemsInPhilly https://t.co/l‚Ä¶
95265822,34,RT @DanaSchwartzzz: Why does Trump think invoicing Mexico for a wall is going to work? If ANYONE knows that people just refuse to pay those‚Ä¶
538693062,3,RT @CBSPhilly: Actress Elizabeth Banks Goes After Donald Trump In DNC Speech: https://t.co/KuiakHsacX #CBSPhillyDNC #DemsinPhilly https://t‚Ä¶
2847585491,46,"RT @Eclectablog: .@JenGranholm brings down the house with her ""Michigan Convention Ode"", a poem about Donald Trump https://t.co/yUzOT93g8L"
342464436,1282,"RT @DanaSchwartzzz: Hillary Clinton has detailed plans for 37 issues on her website
Donald Trump has 7 vague suggestions and 2 of them are‚Ä¶"
1470895902,3,RT @teleSURtv: #EEUUDecide | ¬øQui√©n es realmente Donald Trump? https://t.co/8e8V2BNyeY https://t.co/f0yulbRz0U
3290523080,431,"RT @PhilBryantMS: We had about 5,000 supporters show up for Donald Trump Jr. today at the Neshoba County Fair. Huge crowd. https://t.co/R4V‚Ä¶"
215996801,1403,"RT @kumailn: Think of any situation. Birthday, flat tire, anything. Now add Donald Trump. Be honest. The situation is now worse. Imagine 4‚Ä¶"
363100920,1403,"RT @kumailn: Think of any situation. Birthday, flat tire, anything. Now add Donald Trump. Be honest. The situation is now worse. Imagine 4‚Ä¶"
366081183,1188,"RT @DanaSchwartzzz: Donald Trump has 7 positions on his website. I read all of them so you don't have to. Or go do it, it's hilarious. http‚Ä¶"
70292726,0,@oreillyfactor Great interview with Donald Trump !
42326304,6,"RT @kwilli1046: Donald Trump says he isn't releasing his tax returns yet because they are being audited, though the IRS says that's no barr‚Ä¶"
19312750,110,RT @DylanByers: George Will says Donald Trump won‚Äôt release tax returns ‚Äúbecause he‚Äôs deeply involved in dealing with Russia‚Äù ‚Ä¶ https://t.c‚Ä¶
39436173,12,RT @CuffsTheLegend: Donald Trump and the Golden State Warriors have something in common: They're both liars
526346146,3,"RT @natespuewell: A Look At Donald Trump's Ties To Russia
https://t.co/akGYOE64u0
#NeverTrump"
623871007,479,RT @babyitsmb: Donald Trump has 5 kids a current wife and 3 baby mama's. Imagine the slander Obama would have received.
23123275,1188,"RT @DanaSchwartzzz: Donald Trump has 7 positions on his website. I read all of them so you don't have to. Or go do it, it's hilarious. http‚Ä¶"
734860521627914240,33,RT @CNBCnow: Actress Elizabeth Banks mocks Donald Trump's RNC entrance. #DemConvention https://t.co/caJJc33SLt
22042976,276,"RT @FranklinFoer: Donald Trump Jr: ""Russians make up a pretty disproportionate cross-section of a lot of our assets."" https://t.co/yX3WPNsm‚Ä¶"
4869984148,5,RT @YVKE_MUNDIAL: ¬°Incre√≠ble! hermano de Obama votar√° por Donald Trump https://t.co/1kvhvDQkBv https://t.co/frIRo4Io05
700681803,1188,"RT @DanaSchwartzzz: Donald Trump has 7 positions on his website. I read all of them so you don't have to. Or go do it, it's hilarious. http‚Ä¶"
2469779429,0,I'm convinced it's because I tweeted about Donald Trump.
233006170,1188,"RT @DanaSchwartzzz: Donald Trump has 7 positions on his website. I read all of them so you don't have to. Or go do it, it's hilarious. http‚Ä¶"
97976809,87,RT @Bipartisanism: BREAKING: GOP In Shambles As Powerful Republican Senator Leaves Party Over Donald¬†Trump https://t.co/49rtk0CpbU https://‚Ä¶
1398677352,1282,"RT @DanaSchwartzzz: Hillary Clinton has detailed plans for 37 issues on her website
Donald Trump has 7 vague suggestions and 2 of them are‚Ä¶"
255883582,3543,RT @hankgreen: Not voting for Hillary Clinton will always be half a vote for Donald Trump. There just isn't a way around that.
385148875,4464,"RT @pattonoswalt: Do the ""Bernie or Bust"" people know the ""Bust"" stands for ""Donald Trump shitting out of his dick on America""? #DemsInPhil‚Ä¶"
608485366,1188,"RT @DanaSchwartzzz: Donald Trump has 7 positions on his website. I read all of them so you don't have to. Or go do it, it's hilarious. http‚Ä¶"
29308570,1282,"RT @DanaSchwartzzz: Hillary Clinton has detailed plans for 37 issues on her website
Donald Trump has 7 vague suggestions and 2 of them are‚Ä¶"
713469726488465410,12,"RT @FreemarketJay: This year, it's almost like each party is trying to get the other party elected https://t.co/zUlsfP6dWO"
2546548128,36,"RT @bi_politics: Before the DNC hack, Russian internet trolls were being hired to pose as pro-Trump Americans https://t.co/ojcmForSCj https‚Ä¶"
82480081,34,"RT @pharris830: Donald Trump REFUSING To Pay Hotel Bill After Campaign Stop, The Reason Is INSANE (DETAILS) https://t.co/jdssFh8V9c via @Bi‚Ä¶"
105633905,276,"RT @FranklinFoer: Donald Trump Jr: ""Russians make up a pretty disproportionate cross-section of a lot of our assets."" https://t.co/yX3WPNsm‚Ä¶"
2987760846,1188,"RT @DanaSchwartzzz: Donald Trump has 7 positions on his website. I read all of them so you don't have to. Or go do it, it's hilarious. http‚Ä¶"
420667430,1282,"RT @DanaSchwartzzz: Hillary Clinton has detailed plans for 37 issues on her website
Donald Trump has 7 vague suggestions and 2 of them are‚Ä¶"
62651008,106,RT @LarrySanders: Wait...üëÄ Donald Trump is actually running for president?! I thought I was having a sick ass nightmare this entire time..üòÇüòî
134577186,1282,"RT @DanaSchwartzzz: Hillary Clinton has detailed plans for 37 issues on her website
Donald Trump has 7 vague suggestions and 2 of them are‚Ä¶"
19258189,13,RT @DailyMail: Elizabeth Banks channels her inner-Trump at #DemsInPhilly https://t.co/X61i3x8wi2 https://t.co/4iZmp55a1u
142017382,1282,"RT @DanaSchwartzzz: Hillary Clinton has detailed plans for 37 issues on her website
Donald Trump has 7 vague suggestions and 2 of them are‚Ä¶"
32921252,9004,RT @Pandamoanimum: This photo of Donald Trump's mum looks like a character in a film about Trump's life where Trump plays all the roles htt‚Ä¶
731292949397577728,16,"RT @CraigRozniecki: ""Bernie-or-busters were loud last night. But 9 of 10 Sanders supporters are open to voting for Clinton."" - https://t.co‚Ä¶"
64668241,1,"RT @andreasharsono: Bernie Sanders: ""It‚Äôs easy to boo. But it is harder to look your kids in the face who would be living under a Donald J.‚Ä¶"
319963230,13,RT @TheIJR: Here's Trump's for comparison https://t.co/AHQcSGPgCN
4756615096,287,RT @RollThafe_: Donald trump can just https://t.co/Bn9Qf0eMet
125218969,276,"RT @FranklinFoer: Donald Trump Jr: ""Russians make up a pretty disproportionate cross-section of a lot of our assets."" https://t.co/yX3WPNsm‚Ä¶"
14469972,1282,"RT @DanaSchwartzzz: Hillary Clinton has detailed plans for 37 issues on her website
Donald Trump has 7 vague suggestions and 2 of them are‚Ä¶"
705169102290165760,2613,"RT @ArtfuIist: A street artist mocks Donald Trump's proposal to build a wall, by erecting a fence along Trump's Hollywood Star. https://t.c‚Ä¶"
1291798441,470,"RT @RonPaul: Yes Donald Trump, We Should Get Out Of NAFTA
https://t.co/GrN7tjgFvA"
23114490,13,RT @realDrOlmo: Donald J. Trump has climbed six percentage points after his party's convention last week. https://t.co/c4EH65eOeo
586854588,126,"RT @TUSK81: Thanks for supporting Donald Trump's plan to deport my community, Jill. https://t.co/afJ8q1d7fn"
3529365563,431,"RT @PhilBryantMS: We had about 5,000 supporters show up for Donald Trump Jr. today at the Neshoba County Fair. Huge crowd. https://t.co/R4V‚Ä¶"
26924407,2,"RT @RebeccaShabad: Donald Trump says on @FoxNews that he ""might have"" previously called climate change a hoax. https://t.co/OlGb0YycvK"
328844693,34,RT @DanaSchwartzzz: Why does Trump think invoicing Mexico for a wall is going to work? If ANYONE knows that people just refuse to pay those‚Ä¶
18075797,1282,"RT @DanaSchwartzzz: Hillary Clinton has detailed plans for 37 issues on her website
Donald Trump has 7 vague suggestions and 2 of them are‚Ä¶"
1188380772,5,"RT @BillinPortland: True fact: Even at 91, Jimmy Carter would still send Donald Trump to the mat in the first round.  #DemsInPhilly https:/‚Ä¶"
54111858,80,"RT @MarlowNYC: ‚ÄúRussians make up a pretty disproportionate cross-section of a lot of our assets,‚Äù Donald Trump, Jr. (2008) https://t.co/irB‚Ä¶"
116197291,763,RT @CitizensFedUp: Charles Manson endorsed Donald Trump for President from San Quentin Prison https://t.co/j3ubFaWeZd https://t.co/FxjOcu2w‚Ä¶
2387634180,144,RT @JoshMalina: Lincoln had a secretary named Kennedy. Kennedy had a secretary named Lincoln. Donald Trump is a fucking disgrace. Coinciden‚Ä¶
1308860677,1188,"RT @DanaSchwartzzz: Donald Trump has 7 positions on his website. I read all of them so you don't have to. Or go do it, it's hilarious. http‚Ä¶"
632372819,200,RT @hautedamn: Donald Trump watching the #DemsInPhilly: https://t.co/gdA3zl6pmF
4319456714,299,RT @CNN: Actress @ElizabethBanks parodies Donald Trump's Republican convention entrance https://t.co/mm44t5xU6G #DemsinPhilly https://t.co/‚Ä¶
489596897,23,RT @Kris_Sacrebleu: Hotel fights back after Trump threatens to not pay @CNNPolitics https://t.co/KsI10LB1Dx #NeverTrump
2233127242,43,RT @GhitaEb: Mes dm aussi vides que la t√™te de donald trump la
484514913,0,"https://t.co/rUlf783JOd

""....where any semblance of sanity could produce a better president than these two."""
3339470585,138,RT @ObvioussOtter: Donald trump is Satan
55829777,369,"RT @DanScavino: Facebook &amp; Twitter Mentions between 1/1/16 &amp; 7/21/16
Donald Trump 129,700,000 
Hillary Clinton 37,300,000
@Adweek https://t‚Ä¶"
4413733396,299,RT @CNN: Actress @ElizabethBanks parodies Donald Trump's Republican convention entrance https://t.co/mm44t5xU6G #DemsinPhilly https://t.co/‚Ä¶
102840940,21,"RT @EW: 'Celebrity #Apprentice' alums @ClayAiken, Khloe Kardashian, &amp; more slam Donald Trump: 
https://t.co/JLa94nJWUO https://t.co/FZUrwzz‚Ä¶"
374240792,88,"RT @THR: Elizabeth Banks Impersonates, Takes Jabs at Donald Trump at DNC https://t.co/AVgjcdejUr #DemsinPhilly https://t.co/3A818oz4I6"
374240792,88,"RT @THR: Elizabeth Banks Impersonates, Takes Jabs at Donald Trump at DNC https://t.co/AVgjcdejUr #DemsinPhilly https://t.co/3A818oz4I6"
